Algorithm,RunID,OrdersCompleted,Runtime(ms),Throughput
FCFS,0,36,2492459,1.4443567577239987e-05
FCFS,1,36,2493468,1.4437722882346997e-05
FCFS,2,36,2494647,1.4430899441884964e-05
FCFS,3,36,2495728,1.4424648839937685e-05
FCFS,4,36,2496652,1.4419310340407874e-05
FCFS,5,36,2497470,1.4414587562613365e-05
FCFS,6,36,2498490,1.440870285652534e-05
FCFS,7,36,2499483,1.4402978535961236e-05
FCFS,8,36,2500452,1.4397396950631326e-05
FCFS,9,36,2501419,1.4391831196612803e-05
FCFS,10,36,2502461,1.4385838580501355e-05
FCFS,11,36,2503473,1.4380023271670994e-05
FCFS,12,36,2504472,1.4374287274922619e-05
FCFS,13,36,2505371,1.4369129362477654e-05
FCFS,14,36,2506384,1.4363321821396881e-05
FCFS,15,36,2507411,1.435743880839639e-05
FCFS,16,36,2508433,1.435158921924564e-05
FCFS,17,36,2509445,1.4345801561699897e-05
FCFS,18,36,2510363,1.4340555529220276e-05
FCFS,19,36,2511338,1.4334987962592053e-05
FCFS,20,36,2512251,1.4329778354153308e-05
FCFS,21,36,2513264,1.432400257195424e-05
FCFS,22,36,2514216,1.4318578833322196e-05
FCFS,23,36,2515261,1.4312629981540683e-05
FCFS,24,36,2516283,1.4306816840554103e-05
FCFS,25,36,2517250,1.4301320885887376e-05
FCFS,26,36,2518270,1.4295528279334622e-05
FCFS,27,36,2519331,1.4289507809811414e-05
FCFS,28,36,2520305,1.4283985470012558e-05
FCFS,29,36,2521312,1.4278280514271934e-05
FCFS,30,36,2522259,1.4272919632757778e-05
FCFS,31,36,2523153,1.4267862472073632e-05
FCFS,32,36,2524104,1.4262486807199703e-05
FCFS,33,36,2525095,1.4256889344757326e-05
FCFS,34,36,2526033,1.4251595287947545e-05
FCFS,35,36,2526976,1.4246276972951068e-05
FCFS,36,36,2527822,1.4241509093599154e-05
FCFS,37,36,2528717,1.4236468533252239e-05
FCFS,38,36,2529663,1.42311446228213e-05
FCFS,39,36,2530725,1.4225172628397e-05
FCFS,40,36,2531659,1.4219924563300191e-05
FCFS,41,36,2532648,1.421437167739062e-05
FCFS,42,36,2533514,1.4209512953155182e-05
FCFS,43,36,2534567,1.420360953172672e-05
FCFS,44,36,2535417,1.4198847763503991e-05
FCFS,45,36,2535859,1.4196372905591359e-05
FCFS,46,30,2432241,1.2334304043061523e-05
FCFS,47,30,2433215,1.2329366702079348e-05
FCFS,48,30,2434272,1.232401309303151e-05
FCFS,49,30,2435179,1.231942292537838e-05
FCFS,50,30,2436118,1.2314674412323212e-05
FCFS,51,30,2437146,1.230948002294487e-05
FCFS,52,30,2438152,1.230440103816333e-05
FCFS,53,30,2439155,1.2299341370269623e-05
FCFS,54,30,2440173,1.2294210287549284e-05
FCFS,55,30,2441105,1.2289516428011085e-05
FCFS,56,30,2442079,1.2284614871181481e-05
FCFS,57,30,2443118,1.227939051654484e-05
FCFS,58,30,2444187,1.2274019950192028e-05
FCFS,59,30,2445230,1.2268784531516462e-05
FCFS,60,30,2446355,1.226314251202299e-05
FCFS,61,30,2447314,1.2258337099366897e-05
FCFS,62,30,2448282,1.225349040674236e-05
FCFS,63,30,2449140,1.224919767755212e-05
FCFS,64,30,2450201,1.2243893460169186e-05
FCFS,65,30,2451167,1.223906816630609e-05
FCFS,66,30,2452059,1.2234615888116885e-05
FCFS,67,30,2453055,1.2229648336462085e-05
FCFS,68,30,2454141,1.2224236504748504e-05
FCFS,69,30,2455083,1.2219546141617208e-05
FCFS,70,30,2456057,1.2214700228862766e-05
FCFS,71,30,2457023,1.220989791304355e-05
FCFS,72,30,2458043,1.2204831241764281e-05
FCFS,73,30,2459024,1.2199962261450071e-05
FCFS,74,30,2460063,1.2194809645118844e-05
FCFS,75,30,2460997,1.2190181458977805e-05
FCFS,76,30,2461935,1.2185536986151137e-05
FCFS,77,30,2462971,1.218041138121399e-05
FCFS,78,30,2463807,1.2176278417911793e-05
FCFS,79,30,2464873,1.217101246189966e-05
FCFS,80,30,2465937,1.2165760925765744e-05
FCFS,81,30,2466956,1.2160735740726629e-05
FCFS,82,30,2467903,1.2156069343081961e-05
FCFS,83,30,2468910,1.2151111219120989e-05
FCFS,84,30,2469735,1.2147052214103942e-05
FCFS,85,30,2470679,1.2142411053803429e-05
FCFS,86,30,2471643,1.2137675222513931e-05
FCFS,87,30,2472611,1.2132923456216931e-05
FCFS,88,30,2473562,1.2128258762060542e-05
FCFS,89,30,2474556,1.2123386983361863e-05
FCFS,90,30,2475506,1.2118734513267186e-05
FCFS,91,24,2270635,1.0569730493892677e-05
FCFS,92,24,2271573,1.0565365938052619e-05
FCFS,93,24,2272596,1.0560609980832492e-05
FCFS,94,24,2273582,1.0556030088204428e-05
FCFS,95,24,2274515,1.0551700032754235e-05
FCFS,96,24,2275475,1.0547248376712554e-05
FCFS,97,24,2276480,1.0542592071970763e-05
FCFS,98,24,2277427,1.0538208249924148e-05
FCFS,99,24,2278157,1.0534831444891639e-05
FCFS,100,24,2279121,1.0530375526354239e-05
FCFS,101,24,2280145,1.0525646395295035e-05
FCFS,102,24,2281178,1.0520880001472924e-05
FCFS,103,24,2282152,1.051638979349316e-05
FCFS,104,24,2283121,1.051192643753879e-05
FCFS,105,24,2284099,1.050742546623417e-05
FCFS,106,24,2285113,1.0502762883060926e-05
FCFS,107,24,2286011,1.0498637145665527e-05
FCFS,108,24,2286999,1.0494101658986296e-05
FCFS,109,24,2288129,1.0488919112515072e-05
FCFS,110,24,2289031,1.048478592033048e-05
FCFS,111,24,2289981,1.0480436300563193e-05
FCFS,112,24,2291000,1.0475774770842426e-05
FCFS,113,24,2292006,1.0471176777024144e-05
FCFS,114,24,2292825,1.0467436459389618e-05
FCFS,115,24,2293858,1.04627226271199e-05
FCFS,116,24,2294840,1.045824545502083e-05
FCFS,117,24,2295771,1.0454004341025303e-05
FCFS,118,24,2296860,1.0449047830516445e-05
FCFS,119,24,2297866,1.0444473263454005e-05
FCFS,120,24,2298935,1.043961660508018e-05
FCFS,121,24,2299863,1.0435404195815141e-05
FCFS,122,24,2300857,1.0430895966155219e-05
FCFS,123,24,2301815,1.0426554697054282e-05
FCFS,124,24,2302897,1.0421655853474993e-05
FCFS,125,24,2303761,1.0417747327088183e-05
FCFS,126,24,2304806,1.041302391611268e-05
FCFS,127,24,2305832,1.0408390550569165e-05
FCFS,128,24,2306842,1.0403833465837713e-05
FCFS,129,24,2307575,1.0400528693541922e-05
FCFS,130,24,2308510,1.0396316238612786e-05
FCFS,131,24,2309440,1.039212969377858e-05
FCFS,132,24,2310394,1.0387838611076725e-05
FCFS,133,24,2311382,1.0383398330522606e-05
FCFS,134,24,2312314,1.037921320374309e-05
FCFS,135,24,2313243,1.0375044904491227e-05
FCFS,136,24,2314227,1.0370633477182662e-05
FCFS,137,24,2315138,1.0366552663383348e-05
FCFS,138,24,2316088,1.0362300568890301e-05
FCFS,139,24,2317222,1.0357229475639365e-05
FCFS,140,24,2318169,1.0352998422461865e-05
FCFS,141,24,2319366,1.0347655350643237e-05
FCFS,142,24,2320299,1.0343494523766118e-05
FCFS,143,24,2321080,1.0340014131352646e-05
FCFS,144,24,2322088,1.0335525613155056e-05
FCFS,145,18,2003549,8.984057789452616e-06
FCFS,146,18,2004507,8.979764101597052e-06
FCFS,147,18,2005441,8.975581929361172e-06
FCFS,148,18,2006361,8.971466251586828e-06
FCFS,149,18,2007530,8.966242098499151e-06
FCFS,150,18,2008536,8.961751245683423e-06
FCFS,151,18,2009590,8.957050940739156e-06
FCFS,152,18,2010476,8.953103643117352e-06
FCFS,153,18,2011431,8.948852831640758e-06
FCFS,154,18,2012905,8.942299810472923e-06
FCFS,155,18,2013925,8.937770771006865e-06
FCFS,156,18,2014874,8.933561106054275e-06
FCFS,157,18,2015925,8.928903605044831e-06
FCFS,158,18,2016871,8.92471556187778e-06
FCFS,159,18,2017754,8.920809969897222e-06
FCFS,160,18,2018748,8.91641750233313e-06
FCFS,161,18,2019745,8.912016120846939e-06
FCFS,162,18,2020734,8.907654347380704e-06
FCFS,163,18,2021786,8.903019409571538e-06
FCFS,164,18,2022749,8.89878081759032e-06
FCFS,165,18,2023721,8.894506703246149e-06
FCFS,166,18,2024734,8.890056669172345e-06
FCFS,167,18,2025727,8.885698813314924e-06
FCFS,168,18,2026779,8.88108668976736e-06
FCFS,169,18,2027806,8.876588786106758e-06
FCFS,170,18,2028765,8.872392810404359e-06
FCFS,171,18,2029756,8.86806098861144e-06
FCFS,172,18,2030772,8.863624276875987e-06
FCFS,173,18,2031834,8.858991433355285e-06
FCFS,174,18,2032822,8.854685752121927e-06
FCFS,175,18,2033765,8.850580081769527e-06
FCFS,176,18,2034728,8.84639126212447e-06
FCFS,177,18,2035607,8.842571282177749e-06
FCFS,178,18,2036566,8.838407397550583e-06
FCFS,179,18,2037464,8.834511922664646e-06
FCFS,180,18,2038413,8.8303989427069e-06
FCFS,181,18,2039382,8.826203232155624e-06
FCFS,182,18,2040371,8.82192503226129e-06
FCFS,183,18,2041439,8.817309750621988e-06
FCFS,184,18,2042377,8.813260235500106e-06
FCFS,185,18,2043381,8.808929905876584e-06
FCFS,186,18,2044219,8.805318803905061e-06
FCFS,187,18,2045112,8.801473953504746e-06
FCFS,188,18,2046138,8.79706060881524e-06
FCFS,189,18,2047061,8.793094099296504e-06
FCFS,190,18,2047985,8.789126873487843e-06
FCFS,191,18,2048899,8.785206103375521e-06
FCFS,192,18,2049808,8.781310249545323e-06
FCFS,193,18,2050874,8.77674591418098e-06
FCFS,194,18,2051842,8.77260529806876e-06
FCFS,195,18,2052833,8.768370344786937e-06
FCFS,196,18,2053777,8.764340042760242e-06
FCFS,197,18,2054705,8.760381660627682e-06
FCFS,198,18,2055683,8.756213871496724e-06
FCFS,199,18,2056668,8.752020258009558e-06
FCFS,200,18,2057683,8.747703120451498e-06
FCFS,201,18,2058711,8.743335028568846e-06
FCFS,202,18,2059691,8.739174953912989e-06
FCFS,203,18,2060619,8.735239265482847e-06
FCFS,204,18,2061657,8.730841260209628e-06
FCFS,205,18,2062593,8.726879224354974e-06
FCFS,206,18,2063651,8.722405096598214e-06
FCFS,207,18,2064640,8.718226906385617e-06
FCFS,208,18,2065794,8.713356704492317e-06
FCFS,209,18,2066745,8.709347306997234e-06
FCFS,210,18,2067724,8.705223714576993e-06
FCFS,211,18,2068600,8.701537271584647e-06
FCFS,212,18,2069651,8.697118499689079e-06
FCFS,213,18,2070603,8.693119830310301e-06
FCFS,214,18,2071617,8.688864785334355e-06
FCFS,215,18,2072316,8.685933998482856e-06
FCFS,216,18,2073284,8.681878604185437e-06
FCFS,217,18,2074333,8.677488137150592e-06
FCFS,218,18,2075365,8.67317315267435e-06
FCFS,219,18,2076430,8.668724686119928e-06
FCFS,220,18,2077375,8.664781274444913e-06
FCFS,221,18,2078271,8.661045648041088e-06
FCFS,222,18,2079221,8.657088399934398e-06
FCFS,223,18,2080123,8.653334442242118e-06
FCFS,224,18,2081148,8.649072531122247e-06
FCFS,225,18,2081992,8.645566361446153e-06
FCFS,226,18,2083017,8.641312096828782e-06
FCFS,227,18,2083961,8.637397724813469e-06
FCFS,228,18,2084803,8.633909295026917e-06
FCFS,229,18,2085675,8.630299543313316e-06
FCFS,230,18,2086544,8.626705212063584e-06
FCFS,231,18,2087597,8.622353835534348e-06
FCFS,232,18,2088608,8.618180146777183e-06
FCFS,233,18,2089673,8.613787898872216e-06
FCFS,234,18,2090652,8.609754277612917e-06
FCFS,235,18,2091564,8.606000103272e-06
FCFS,236,18,2092481,8.602228646281614e-06
FCFS,237,18,2093443,8.598275663583866e-06
FCFS,238,18,2094406,8.594322208779005e-06
FCFS,239,18,2095396,8.590261697550248e-06
FCFS,240,18,2096391,8.58618454286438e-06
FCFS,241,18,2097334,8.582324036133492e-06
FCFS,242,18,2098423,8.577870143436286e-06
FCFS,243,18,2099406,8.57385374720278e-06
FCFS,244,18,2100423,8.569702388518884e-06
FCFS,245,18,2101440,8.565555047967108e-06
FCFS,246,18,2102457,8.561411719716503e-06
FCFS,247,18,2103416,8.557508357833162e-06
FCFS,248,18,2104340,8.553750819734454e-06
FCFS,249,18,2105336,8.549704180235363e-06
FCFS,250,18,2106183,8.546265922761697e-06
FCFS,251,18,2107180,8.54222230658985e-06
FCFS,252,18,2108031,8.538773860536207e-06
FCFS,253,18,2109052,8.53464020801763e-06
FCFS,254,18,2109975,8.530906764298155e-06
FCFS,255,18,2110918,8.527095794341609e-06
FCFS,256,18,2111875,8.523231725362534e-06
FCFS,257,18,2112745,8.519721973072946e-06
FCFS,258,12,1544357,7.77022411268897e-06
FCFS,259,12,1545295,7.765507556809542e-06
FCFS,260,12,1546320,7.760360080707745e-06
FCFS,261,12,1547195,7.755971289979607e-06
FCFS,262,12,1548236,7.750756344639964e-06
FCFS,263,12,1549285,7.745508411944864e-06
FCFS,264,12,1550287,7.740502242488005e-06
FCFS,265,12,1551144,7.736225650229766e-06
FCFS,266,12,1552142,7.731251393235928e-06
FCFS,267,12,1553170,7.726134293090905e-06
FCFS,268,12,1554168,7.721173000602252e-06
FCFS,269,12,1555178,7.716158536193285e-06
FCFS,270,12,1556146,7.711358702846647e-06
FCFS,271,12,1557142,7.706426260418126e-06
FCFS,272,12,1558129,7.701544608950864e-06
FCFS,273,12,1559026,7.697113454169463e-06
FCFS,274,12,1560111,7.691760393971968e-06
FCFS,275,12,1561098,7.686897299208633e-06
FCFS,276,12,1562159,7.681676449068245e-06
FCFS,277,12,1563160,7.676757337700555e-06
FCFS,278,12,1564091,7.672187871421803e-06
FCFS,279,12,1564988,7.667790423952132e-06
FCFS,280,12,1565957,7.663045664727704e-06
FCFS,281,12,1566965,7.658116167240493e-06
FCFS,282,12,1567915,7.653476113182157e-06
FCFS,283,12,1568858,7.648875806478343e-06
FCFS,284,12,1569957,7.643521446765739e-06
FCFS,285,12,1570896,7.63895254682678e-06
FCFS,286,12,1571917,7.633990853206626e-06
FCFS,287,12,1572963,7.628914348271383e-06
FCFS,288,12,1573737,7.625162272984622e-06
FCFS,289,12,1574686,7.620566893971242e-06
FCFS,290,12,1575705,7.615638714099403e-06
FCFS,291,12,1576641,7.611117559419043e-06
FCFS,292,12,1577697,7.606023209779825e-06
FCFS,293,12,1578666,7.601354561382838e-06
FCFS,294,12,1579571,7.5969994384551245e-06
FCFS,295,12,1580556,7.592265000417575e-06
FCFS,296,12,1581581,7.587344562181766e-06
FCFS,297,12,1582535,7.582770681217161e-06
FCFS,298,12,1583466,7.578312385614847e-06
FCFS,299,12,1584494,7.573395670794588e-06
FCFS,300,12,1585385,7.569139357316992e-06
FCFS,301,12,1586394,7.5643251298227304e-06
FCFS,302,12,1587366,7.559693227648822e-06
FCFS,303,12,1588291,7.555290560734777e-06
FCFS,304,12,1589316,7.55041791563163e-06
FCFS,305,12,1590275,7.54586470893399e-06
FCFS,306,12,1591276,7.541117945598375e-06
FCFS,307,12,1592307,7.536235160681954e-06
FCFS,308,12,1593159,7.532204883505036e-06
FCFS,309,12,1594122,7.527654721533233e-06
FCFS,310,12,1595089,7.523091188015214e-06
FCFS,311,12,1595998,7.518806414544379e-06
FCFS,312,12,1597042,7.5138913065529895e-06
FCFS,313,12,1597978,7.509490118136796e-06
FCFS,314,12,1598937,7.5049861251569015e-06
FCFS,315,12,1599995,7.500023437573243e-06
FCFS,316,12,1600935,7.495619747210224e-06
FCFS,317,12,1601883,7.4911838130500164e-06
FCFS,318,12,1602947,7.486211334498271e-06
FCFS,319,12,1603918,7.481679237966031e-06
FCFS,320,12,1604943,7.4769010488222944e-06
FCFS,321,12,1605963,7.47215222268508e-06
FCFS,322,12,1606832,7.468111165324067e-06
FCFS,323,12,1607797,7.463628803885068e-06
FCFS,324,12,1608719,7.459351198065044e-06
FCFS,325,12,1609729,7.454670941506303e-06
FCFS,326,12,1610457,7.451301090311632e-06
FCFS,327,12,1611436,7.446774181537461e-06
FCFS,328,12,1612445,7.4421143046739575e-06
FCFS,329,12,1613483,7.437326578588061e-06
FCFS,330,12,1614462,7.432816628697361e-06
FCFS,331,12,1615501,7.428036256244967e-06
FCFS,332,12,1616433,7.423753412606647e-06
FCFS,333,12,1617430,7.419177336886295e-06
FCFS,334,12,1618332,7.415042154514648e-06
FCFS,335,12,1619347,7.4103944367698834e-06
FCFS,336,12,1620321,7.405939934124164e-06
FCFS,337,12,1621183,7.402002118206273e-06
FCFS,338,12,1622056,7.398018317493354e-06
FCFS,339,12,1623121,7.393164157200849e-06
FCFS,340,12,1624021,7.389067013296011e-06
FCFS,341,12,1624567,7.386583625052091e-06
FCFS,342,12,1625457,7.382539187440825e-06
FCFS,343,12,1626382,7.378340389896101e-06
FCFS,344,12,1627339,7.374001360503251e-06
FCFS,345,12,1628217,7.370025002809822e-06
FCFS,346,12,1629167,7.365727393201557e-06
FCFS,347,12,1630120,7.361421245061713e-06
FCFS,348,12,1631143,7.356804400349938e-06
FCFS,349,12,1632118,7.352409568425812e-06
FCFS,350,12,1633065,7.348145970919712e-06
FCFS,351,12,1634016,7.34386933787674e-06
FCFS,352,12,1635055,7.339202656791362e-06
FCFS,353,6,858411,6.989658799805688e-06
FCFS,354,6,859436,6.981322634844246e-06
FCFS,355,6,860470,6.972933396864504e-06
FCFS,356,6,861173,6.96724119311683e-06
FCFS,357,6,862241,6.958611339521085e-06
FCFS,358,6,863420,6.949109355817562e-06
FCFS,359,6,864389,6.941319243997783e-06
FCFS,360,6,865293,6.934067419937524e-06
FCFS,361,6,866308,6.9259431980311855e-06
FCFS,362,6,867231,6.918571868394926e-06
FCFS,363,6,868264,6.910340633724305e-06
FCFS,364,6,869142,6.903359865246416e-06
FCFS,365,6,870206,6.894919134090089e-06
FCFS,366,6,871106,6.887795515126747e-06
FCFS,367,6,872182,6.8792981281429795e-06
FCFS,368,6,873105,6.872025701376123e-06
FCFS,369,6,874039,6.8646822395796985e-06
FCFS,370,6,875087,6.856461129007745e-06
FCFS,371,6,875978,6.849487087575259e-06
FCFS,372,6,877134,6.840459952527208e-06
FCFS,373,6,878077,6.833113724650571e-06
FCFS,374,6,879020,6.825783258628928e-06
FCFS,375,6,879948,6.818584734552496e-06
FCFS,376,6,880916,6.811092090505792e-06
FCFS,377,6,881863,6.803777911081426e-06
FCFS,378,6,882900,6.7957866123003735e-06
FCFS,379,6,883895,6.788136599935513e-06
FCFS,380,6,884888,6.780519116543562e-06
FCFS,381,6,885921,6.772612907922941e-06
FCFS,382,6,886767,6.766151649756926e-06
FCFS,383,6,887797,6.758301728886221e-06
FCFS,384,6,888721,6.751275147093407e-06
FCFS,385,6,889550,6.74498341858243e-06
FCFS,386,6,890511,6.737704531443182e-06
FCFS,387,6,891550,6.729852504065953e-06
FCFS,388,6,892570,6.7221618472500754e-06
FCFS,389,6,893573,6.714616489083712e-06
FCFS,390,6,894647,6.706555770041144e-06
FCFS,391,6,895595,6.699456785712291e-06
FCFS,392,6,896513,6.692596761006254e-06
FCFS,393,6,897494,6.685281461491664e-06
FCFS,394,6,898457,6.67811592541435e-06
FCFS,395,6,899594,6.669675431361259e-06
FCFS,396,6,900478,6.663127805454436e-06
FCFS,397,6,901319,6.656910594362262e-06
FCFS,398,6,902285,6.649783604958522e-06
FCFS,399,6,903241,6.6427454023898385e-06
FCFS,400,6,904290,6.635039644361875e-06
FCFS,401,6,905216,6.628252262443439e-06
FCFS,402,6,906215,6.620945360648411e-06
FCFS,403,6,907115,6.614376346990183e-06
FCFS,404,6,907981,6.608067789964768e-06
FCFS,405,6,909011,6.6005801909987885e-06
FCFS,406,6,910000,6.5934065934065935e-06
FCFS,407,6,910798,6.587629748857596e-06
FCFS,408,6,911837,6.580123421181637e-06
FCFS,409,6,912841,6.572886187189226e-06
FCFS,410,6,913742,6.566404958949025e-06
FCFS,411,6,914733,6.559291071820957e-06
FCFS,412,6,915702,6.552350000327617e-06
FCFS,413,6,916703,6.545195117720788e-06
FCFS,414,6,917784,6.537485944405219e-06
FCFS,415,6,918590,6.5317497468946975e-06
FCFS,416,6,919508,6.525228709266259e-06
FCFS,417,6,920446,6.51857903668439e-06
FCFS,418,6,921248,6.512904234256139e-06
FCFS,419,6,922261,6.50575054133266e-06
FCFS,420,6,923059,6.500126210783926e-06
FCFS,421,6,924080,6.492944333823911e-06
FCFS,422,6,925047,6.486156919594355e-06
FCFS,423,6,925956,6.479789536435856e-06
FCFS,424,6,926945,6.472875952726429e-06
FCFS,425,6,927889,6.466290687787009e-06
FCFS,426,6,928824,6.4597814009973904e-06
FCFS,427,6,929848,6.4526675327580424e-06
FCFS,428,6,930838,6.445804747979777e-06
FCFS,429,6,931792,6.439205316207909e-06
FCFS,430,6,932720,6.432798696286131e-06
FCFS,431,6,933599,6.426742102337299e-06
FCFS,432,6,934125,6.423123243677238e-06
FCFS,433,6,935019,6.416981900902549e-06
FCFS,434,6,936097,6.409592168332982e-06
MLFQ,0,36,2519118,1.4290716036327001e-05
MLFQ,1,36,2520136,1.4284943352263529e-05
MLFQ,2,36,2521320,1.4278235210128028e-05
MLFQ,3,36,2522267,1.4272874362626954e-05
MLFQ,4,36,2522962,1.4268942615861831e-05
MLFQ,5,36,2524196,1.4261966978792455e-05
MLFQ,6,36,2524980,1.4257538673573652e-05
MLFQ,7,36,2525907,1.4252306201297197e-05
MLFQ,8,36,2527126,1.4245431371447248e-05
MLFQ,9,36,2527951,1.4240782356936508e-05
MLFQ,10,36,2528909,1.4235387671126165e-05
MLFQ,11,36,2530090,1.4228742851044824e-05
MLFQ,12,36,2530993,1.422366636336015e-05
MLFQ,13,36,2531963,1.4218217248830255e-05
MLFQ,14,36,2532929,1.4212794752636178e-05
MLFQ,15,36,2534053,1.4206490550907972e-05
MLFQ,16,36,2535003,1.4201166625838312e-05
MLFQ,17,36,2535964,1.4195785113668806e-05
MLFQ,18,36,2536877,1.4190676173894123e-05
MLFQ,19,36,2537875,1.4185095798650446e-05
MLFQ,20,36,2538875,1.4179508640638078e-05
MLFQ,21,36,2539665,1.4175097896769849e-05
MLFQ,22,36,2540550,1.4170160004723387e-05
MLFQ,23,36,2541518,1.4164762948757396e-05
MLFQ,24,36,2542426,1.4159704156581156e-05
MLFQ,25,36,2543974,1.4151088022126013e-05
MLFQ,26,36,2544969,1.4145555407551133e-05
MLFQ,27,36,2545866,1.4140571420491103e-05
MLFQ,28,36,2546260,1.4138383354409998e-05
MLFQ,29,36,2546934,1.4134641887068922e-05
MLFQ,30,36,2547903,1.4129266302524076e-05
MLFQ,31,36,2548841,1.4124066585557906e-05
MLFQ,32,36,2550288,1.4116052775215975e-05
MLFQ,33,36,2551281,1.4110558578220118e-05
MLFQ,34,36,2551816,1.4107600234499666e-05
MLFQ,35,36,2553309,1.4099351077366665e-05
MLFQ,36,36,2553820,1.409652990422191e-05
MLFQ,37,36,2554847,1.4090863366769125e-05
MLFQ,38,36,2555913,1.4084986460806765e-05
MLFQ,39,36,2556939,1.4079334704504096e-05
MLFQ,40,36,2557895,1.4074072626124215e-05
MLFQ,41,36,2558894,1.4068578065367304e-05
MLFQ,42,36,2559831,1.4063428406015866e-05
MLFQ,43,36,2560868,1.4057733549718299e-05
MLFQ,44,36,2561851,1.4052339499838202e-05
MLFQ,45,36,2562405,1.4049301339952115e-05
MLFQ,46,30,2452004,1.2234890318286594e-05
MLFQ,47,30,2452998,1.2229932515232382e-05
MLFQ,48,30,2453951,1.2225182980426259e-05
MLFQ,49,30,2454876,1.222057651791781e-05
MLFQ,50,30,2455890,1.2215530825892039e-05
MLFQ,51,30,2456820,1.2210906781937627e-05
MLFQ,52,30,2457750,1.2206286237412266e-05
MLFQ,53,30,2458671,1.2201713852727754e-05
MLFQ,54,30,2459820,1.2196014342512866e-05
MLFQ,55,30,2460864,1.2190840290239525e-05
MLFQ,56,30,2461900,1.2185710223810879e-05
MLFQ,57,30,2462850,1.2181009805712893e-05
MLFQ,58,30,2464002,1.2175314792763967e-05
MLFQ,59,30,2464438,1.217316077742674e-05
MLFQ,60,30,2466094,1.2164986411710177e-05
MLFQ,61,30,2467187,1.2159597144440207e-05
MLFQ,62,30,2467456,1.2158271515277273e-05
MLFQ,63,30,2469183,1.2149767757189321e-05
MLFQ,64,30,2470081,1.214535069902566e-05
MLFQ,65,30,2471277,1.213947283125283e-05
MLFQ,66,30,2472275,1.2134572408004774e-05
MLFQ,67,30,2473103,1.2130509728062277e-05
MLFQ,68,30,2473903,1.2126587016548345e-05
MLFQ,69,30,2474959,1.2121412920375651e-05
MLFQ,70,30,2475888,1.2116864737015567e-05
MLFQ,71,30,2476819,1.2112310184959014e-05
MLFQ,72,30,2477743,1.2107793261851613e-05
MLFQ,73,30,2478708,1.2103079507549901e-05
MLFQ,74,30,2479691,1.2098281600409083e-05
MLFQ,75,30,2480660,1.209355574726081e-05
MLFQ,76,30,2481795,1.2088024998035695e-05
MLFQ,77,30,2482728,1.2083482362949143e-05
MLFQ,78,30,2483531,1.2079575410977354e-05
MLFQ,79,30,2484443,1.2075141188588348e-05
MLFQ,80,30,2485398,1.2070501384486508e-05
MLFQ,81,30,2486342,1.2065918526091745e-05
MLFQ,82,30,2487297,1.2061285805434575e-05
MLFQ,83,30,2488309,1.2056380457571788e-05
MLFQ,84,30,2489243,1.2051856729134118e-05
MLFQ,85,30,2490071,1.2047849238033776e-05
MLFQ,86,30,2491097,1.2042887129646096e-05
MLFQ,87,30,2492021,1.2038421827103382e-05
MLFQ,88,30,2493010,1.203364607442409e-05
MLFQ,89,30,2494009,1.2028825878334842e-05
MLFQ,90,30,2494847,1.2024785487847551e-05
MLFQ,91,24,2287086,1.0493702466807107e-05
MLFQ,92,24,2288078,1.0489152904752372e-05
MLFQ,93,24,2289001,1.0484923335551185e-05
MLFQ,94,24,2289909,1.0480765829559166e-05
MLFQ,95,24,2290879,1.0476328081928377e-05
MLFQ,96,24,2291859,1.0471848399050726e-05
MLFQ,97,24,2292976,1.0466747144322487e-05
MLFQ,98,24,2294003,1.0462061296345298e-05
MLFQ,99,24,2294986,1.0457580133386435e-05
MLFQ,100,24,2295941,1.0453230287712097e-05
MLFQ,101,24,2296845,1.0449116070087447e-05
MLFQ,102,24,2297628,1.0445555155142608e-05
MLFQ,103,24,2298585,1.0441206220348605e-05
MLFQ,104,24,2299542,1.04368609053455e-05
MLFQ,105,24,2300506,1.0432487461454132e-05
MLFQ,106,24,2301517,1.0427904725448476e-05
MLFQ,107,24,2302479,1.0423547836918382e-05
MLFQ,108,24,2303396,1.0419398140832058e-05
MLFQ,109,24,2304568,1.041409930190821e-05
MLFQ,110,24,2305546,1.040968169795788e-05
MLFQ,111,24,2306487,1.0405434758574403e-05
MLFQ,112,24,2307394,1.040134454713846e-05
MLFQ,113,24,2308339,1.0397086389824025e-05
MLFQ,114,24,2309354,1.0392516695145049e-05
MLFQ,115,24,2310305,1.0388238782325277e-05
MLFQ,116,24,2311230,1.0384081203515011e-05
MLFQ,117,24,2312217,1.0379648622944992e-05
MLFQ,118,24,2313238,1.0375067329864026e-05
MLFQ,119,24,2314211,1.0370705177704195e-05
MLFQ,120,24,2315299,1.0365831799694122e-05
MLFQ,121,24,2316252,1.0361566876143011e-05
MLFQ,122,24,2317207,1.0357296521199876e-05
MLFQ,123,24,2317988,1.03538068359284e-05
MLFQ,124,24,2319068,1.034898502329384e-05
MLFQ,125,24,2319928,1.034514864254408e-05
MLFQ,126,24,2320955,1.0340571014948588e-05
MLFQ,127,24,2321960,1.0336095367706593e-05
MLFQ,128,24,2322908,1.0331877112653622e-05
MLFQ,129,24,2323885,1.0327533419252673e-05
MLFQ,130,24,2324773,1.0323588582627208e-05
MLFQ,131,24,2325732,1.0319331720077807e-05
MLFQ,132,24,2326672,1.0315162601346472e-05
MLFQ,133,24,2327680,1.0310695628265054e-05
MLFQ,134,24,2328699,1.0306183839130777e-05
MLFQ,135,24,2329689,1.0301804232238724e-05
MLFQ,136,24,2330649,1.0297560893982749e-05
MLFQ,137,24,2331656,1.0293113563921951e-05
MLFQ,138,24,2332596,1.028896559884352e-05
MLFQ,139,24,2333745,1.0283899911944106e-05
MLFQ,140,24,2334718,1.0279614069022469e-05
MLFQ,141,24,2335804,1.0274834703596706e-05
MLFQ,142,24,2336507,1.0271743247505785e-05
MLFQ,143,24,2337550,1.0267160060747364e-05
MLFQ,144,24,2338257,1.0264055661973855e-05
MLFQ,145,18,2015752,8.929669919712345e-06
MLFQ,146,18,2016599,8.925919332499918e-06
MLFQ,147,18,2017637,8.921327275421693e-06
MLFQ,148,18,2018559,8.917252356755487e-06
MLFQ,149,18,2019681,8.91229852635144e-06
MLFQ,150,18,2020711,8.907755735481224e-06
MLFQ,151,18,2021716,8.903327668178914e-06
MLFQ,152,18,2022740,8.89882041191651e-06
MLFQ,153,18,2023574,8.895152833550935e-06
MLFQ,154,18,2024619,8.890561631595871e-06
MLFQ,155,18,2025654,8.88601903385277e-06
MLFQ,156,18,2026653,8.881638839998756e-06
MLFQ,157,18,2027743,8.876864573074595e-06
MLFQ,158,18,2028744,8.872484650601555e-06
MLFQ,159,18,2029568,8.8688824419778e-06
MLFQ,160,18,2030483,8.864885842432563e-06
MLFQ,161,18,2031428,8.860761986149645e-06
MLFQ,162,18,2032429,8.856397935672046e-06
MLFQ,163,18,2033459,8.851911939212937e-06
MLFQ,164,18,2034421,8.847726208095571e-06
MLFQ,165,18,2035426,8.843357606712305e-06
MLFQ,166,18,2036375,8.839236388189798e-06
MLFQ,167,18,2037296,8.835240436343074e-06
MLFQ,168,18,2038281,8.830970803338695e-06
MLFQ,169,18,2039226,8.826878433287924e-06
MLFQ,170,18,2040232,8.82252606566312e-06
MLFQ,171,18,2041246,8.81814342808265e-06
MLFQ,172,18,2042297,8.813605464827104e-06
MLFQ,173,18,2043386,8.808908351138747e-06
MLFQ,174,18,2044329,8.804845012715664e-06
MLFQ,175,18,2045252,8.800871481851626e-06
MLFQ,176,18,2046136,8.797069207520908e-06
MLFQ,177,18,2047114,8.792866445151564e-06
MLFQ,178,18,2048017,8.788989544520382e-06
MLFQ,179,18,2048907,8.785171801355551e-06
MLFQ,180,18,2049967,8.780629151591221e-06
MLFQ,181,18,2050946,8.776437799922573e-06
MLFQ,182,18,2051946,8.772160670894847e-06
MLFQ,183,18,2052993,8.767686981884498e-06
MLFQ,184,18,2053860,8.763985860769477e-06
MLFQ,185,18,2054746,8.7602068576846e-06
MLFQ,186,18,2055711,8.756094606683528e-06
MLFQ,187,18,2056655,8.75207557903489e-06
MLFQ,188,18,2057674,8.747741381773789e-06
MLFQ,189,18,2058606,8.743780985773869e-06
MLFQ,190,18,2059512,8.739934508757415e-06
MLFQ,191,18,2060420,8.736082934547326e-06
MLFQ,192,18,2061532,8.731370650564726e-06
MLFQ,193,18,2062626,8.726739602816991e-06
MLFQ,194,18,2063672,8.722316337092328e-06
MLFQ,195,18,2064641,8.718222683749863e-06
MLFQ,196,18,2065630,8.714048498521032e-06
MLFQ,197,18,2066579,8.710046893924693e-06
MLFQ,198,18,2067503,8.706154235326382e-06
MLFQ,199,18,2068552,8.70173918760563e-06
MLFQ,200,18,2069506,8.697727863557776e-06
MLFQ,201,18,2070480,8.693636258258954e-06
MLFQ,202,18,2071438,8.689615619680627e-06
MLFQ,203,18,2072441,8.685410103351556e-06
MLFQ,204,18,2073472,8.681091425396629e-06
MLFQ,205,18,2074407,8.677178586458684e-06
MLFQ,206,18,2075462,8.672767798205893e-06
MLFQ,207,18,2076449,8.668645365236517e-06
MLFQ,208,18,2077624,8.663742813906656e-06
MLFQ,209,18,2078673,8.659370665804578e-06
MLFQ,210,18,2079713,8.65504038297592e-06
MLFQ,211,18,2080646,8.651159303408652e-06
MLFQ,212,18,2081622,8.647103076351037e-06
MLFQ,213,18,2082620,8.642959349281195e-06
MLFQ,214,18,2083637,8.638740817138493e-06
MLFQ,215,18,2084587,8.634803920392864e-06
MLFQ,216,18,2085459,8.631193420728962e-06
MLFQ,217,18,2086505,8.626866458503573e-06
MLFQ,218,18,2087237,8.623840991703386e-06
MLFQ,219,18,2088238,8.61970714066117e-06
MLFQ,220,18,2089200,8.61573808156232e-06
MLFQ,221,18,2090289,8.611249449238837e-06
MLFQ,222,18,2091222,8.607407534924556e-06
MLFQ,223,18,2092163,8.603536148952065e-06
MLFQ,224,18,2093131,8.599557313899608e-06
MLFQ,225,18,2094103,8.595565738648004e-06
MLFQ,226,18,2095054,8.591663985749293e-06
MLFQ,227,18,2096026,8.587679732980412e-06
MLFQ,228,18,2097035,8.583547723333183e-06
MLFQ,229,18,2097809,8.580380768697245e-06
MLFQ,230,18,2098829,8.576210829943744e-06
MLFQ,231,18,2099724,8.572555250118587e-06
MLFQ,232,18,2100564,8.569127148708632e-06
MLFQ,233,18,2101553,8.565094480129695e-06
MLFQ,234,18,2102548,8.561041174803143e-06
MLFQ,235,18,2103527,8.55705679080896e-06
MLFQ,236,18,2104406,8.553482550420404e-06
MLFQ,237,18,2105446,8.549257496986387e-06
MLFQ,238,18,2106472,8.545093407365491e-06
MLFQ,239,18,2107273,8.541845313825024e-06
MLFQ,240,18,2108180,8.538170364959348e-06
MLFQ,241,18,2109169,8.534166773738852e-06
MLFQ,242,18,2110252,8.529786963831807e-06
MLFQ,243,18,2111238,8.52580334382007e-06
MLFQ,244,18,2112251,8.521714512148414e-06
MLFQ,245,18,2113069,8.518415631481982e-06
MLFQ,246,18,2114059,8.514426513167324e-06
MLFQ,247,18,2114982,8.510710729453016e-06
MLFQ,248,18,2115855,8.507199217337673e-06
MLFQ,249,18,2116834,8.50326478127241e-06
MLFQ,250,18,2117855,8.49916542917244e-06
MLFQ,251,18,2118868,8.49510210168826e-06
MLFQ,252,18,2119828,8.491254950873373e-06
MLFQ,253,18,2120692,8.487795493169211e-06
MLFQ,254,18,2121651,8.483958954606578e-06
MLFQ,255,18,2122662,8.47991814052355e-06
MLFQ,256,18,2123724,8.475677630426553e-06
MLFQ,257,18,2124710,8.471744379232931e-06
MLFQ,258,12,1551705,7.733428712287452e-06
MLFQ,259,12,1552538,7.729279412162537e-06
MLFQ,260,12,1553631,7.72384176165383e-06
MLFQ,261,12,1554500,7.719523962688968e-06
MLFQ,262,12,1555355,7.715280434370289e-06
MLFQ,263,12,1556253,7.710828509246248e-06
MLFQ,264,12,1557109,7.706589583645076e-06
MLFQ,265,12,1558161,7.701386442094238e-06
MLFQ,266,12,1559224,7.696136026638892e-06
MLFQ,267,12,1560165,7.691494168885984e-06
MLFQ,268,12,1561118,7.686798819820154e-06
MLFQ,269,12,1562057,7.682178051121055e-06
MLFQ,270,12,1563096,7.677071657786854e-06
MLFQ,271,12,1564038,7.672447856126257e-06
MLFQ,272,12,1564962,7.667917815256857e-06
MLFQ,273,12,1565905,7.663300136342882e-06
MLFQ,274,12,1566855,7.658653800128282e-06
MLFQ,275,12,1567839,7.653847110577042e-06
MLFQ,276,12,1568891,7.648714920284455e-06
MLFQ,277,12,1569892,7.643837920060742e-06
MLFQ,278,12,1570879,7.639035215315757e-06
MLFQ,279,12,1571878,7.634180260809045e-06
MLFQ,280,12,1572766,7.629869923434255e-06
MLFQ,281,12,1573820,7.624760137754e-06
MLFQ,282,12,1574859,7.619729766283839e-06
MLFQ,283,12,1575905,7.614672204225509e-06
MLFQ,284,12,1576999,7.609389733284548e-06
MLFQ,285,12,1577959,7.6047603264723605e-06
MLFQ,286,12,1578920,7.600131735616751e-06
MLFQ,287,12,1579890,7.595465507092266e-06
MLFQ,288,12,1580822,7.590987473605504e-06
MLFQ,289,12,1581760,7.586485939712725e-06
MLFQ,290,12,1582755,7.5817166902015786e-06
MLFQ,291,12,1583662,7.57737446500579e-06
MLFQ,292,12,1584719,7.572320392448125e-06
MLFQ,293,12,1585412,7.569010452803435e-06
MLFQ,294,12,1586312,7.564716146634458e-06
MLFQ,295,12,1587262,7.5601885511024644e-06
MLFQ,296,12,1588248,7.5554951115946625e-06
MLFQ,297,12,1589115,7.5513729339915615e-06
MLFQ,298,12,1590148,7.546467372848313e-06
MLFQ,299,12,1591093,7.541985289357693e-06
MLFQ,300,12,1592050,7.537451713199962e-06
MLFQ,301,12,1593059,7.53267769743619e-06
MLFQ,302,12,1594014,7.528164746357309e-06
MLFQ,303,12,1594967,7.5236666338551205e-06
MLFQ,304,12,1595962,7.5189760157196725e-06
MLFQ,305,12,1596932,7.514408879025531e-06
MLFQ,306,12,1597796,7.5103455009275275e-06
MLFQ,307,12,1598748,7.505873345893161e-06
MLFQ,308,12,1599750,7.501172058134083e-06
MLFQ,309,12,1600815,7.496181632480955e-06
MLFQ,310,12,1601658,7.492236170268559e-06
MLFQ,311,12,1602623,7.487724811137741e-06
MLFQ,312,12,1603665,7.482859574786505e-06
MLFQ,313,12,1604554,7.4787137110997825e-06
MLFQ,314,12,1605517,7.474227927826363e-06
MLFQ,315,12,1606570,7.46932906751651e-06
MLFQ,316,12,1607341,7.465746223110093e-06
MLFQ,317,12,1608276,7.461405878095551e-06
MLFQ,318,12,1609272,7.456787914038149e-06
MLFQ,319,12,1610358,7.451759174047013e-06
MLFQ,320,12,1611250,7.447633824670287e-06
MLFQ,321,12,1612370,7.442460477433839e-06
MLFQ,322,12,1613316,7.4380964423584715e-06
MLFQ,323,12,1614382,7.433184958702463e-06
MLFQ,324,12,1615326,7.428840989373043e-06
MLFQ,325,12,1616395,7.423927938406144e-06
MLFQ,326,12,1617218,7.420149911762051e-06
MLFQ,327,12,1618225,7.415532450678984e-06
MLFQ,328,12,1619093,7.411556964300383e-06
MLFQ,329,12,1620112,7.406895325755256e-06
MLFQ,330,12,1620978,7.402938226181972e-06
MLFQ,331,12,1621963,7.398442504545418e-06
MLFQ,332,12,1622897,7.39418459705083e-06
MLFQ,333,12,1623843,7.389876977023025e-06
MLFQ,334,12,1624803,7.385510735763043e-06
MLFQ,335,12,1625857,7.380722904904921e-06
MLFQ,336,12,1626869,7.376131698372764e-06
MLFQ,337,12,1627717,7.372288917545249e-06
MLFQ,338,12,1628478,7.368843791564884e-06
MLFQ,339,12,1629381,7.364759991677822e-06
MLFQ,340,12,1630261,7.360784561490461e-06
MLFQ,341,12,1631099,7.357002855130191e-06
MLFQ,342,12,1632064,7.352652837143641e-06
MLFQ,343,12,1633045,7.348235964103867e-06
MLFQ,344,12,1633880,7.344480622811956e-06
MLFQ,345,12,1634762,7.340518069296937e-06
MLFQ,346,12,1635411,7.337605042402185e-06
MLFQ,347,12,1636447,7.332959759772238e-06
MLFQ,348,12,1637486,7.32830692903634e-06
MLFQ,349,12,1638466,7.32392371889316e-06
MLFQ,350,12,1639420,7.319661831623379e-06
MLFQ,351,12,1640434,7.3151373356075285e-06
MLFQ,352,12,1641364,7.310992564720561e-06
MLFQ,353,6,853964,7.026057304523375e-06
MLFQ,354,6,855029,7.017305845766635e-06
MLFQ,355,6,856025,7.009141088169154e-06
MLFQ,356,6,857030,7.000921788035425e-06
MLFQ,357,6,858083,6.992330578743548e-06
MLFQ,358,6,859188,6.983337756113912e-06
MLFQ,359,6,860232,6.974862595206874e-06
MLFQ,360,6,861128,6.9676052805157885e-06
MLFQ,361,6,862070,6.9599916480100226e-06
MLFQ,362,6,863048,6.952104633809476e-06
MLFQ,363,6,863946,6.944878499350654e-06
MLFQ,364,6,864882,6.937362553504409e-06
MLFQ,365,6,865846,6.929638757931549e-06
MLFQ,366,6,866628,6.923385812597793e-06
MLFQ,367,6,867809,6.913963786962339e-06
MLFQ,368,6,868744,6.906522519867763e-06
MLFQ,369,6,869613,6.8996208658334226e-06
MLFQ,370,6,870464,6.89287552385854e-06
MLFQ,371,6,871389,6.885558573725397e-06
MLFQ,372,6,872384,6.877705230724085e-06
MLFQ,373,6,873325,6.870294563879426e-06
MLFQ,374,6,874265,6.86290769961053e-06
MLFQ,375,6,875262,6.855090247263105e-06
MLFQ,376,6,876213,6.847650057691452e-06
MLFQ,377,6,877183,6.8400778400858206e-06
MLFQ,378,6,878155,6.832506789803623e-06
MLFQ,379,6,879163,6.824673012854272e-06
MLFQ,380,6,880154,6.8169888451339195e-06
MLFQ,381,6,881188,6.808989682110968e-06
MLFQ,382,6,882179,6.801340770977318e-06
MLFQ,383,6,883103,6.794224456263879e-06
MLFQ,384,6,884088,6.786654722154355e-06
MLFQ,385,6,885034,6.779400565402007e-06
MLFQ,386,6,885993,6.772062533225432e-06
MLFQ,387,6,886979,6.764534447827964e-06
MLFQ,388,6,887890,6.7575938460845375e-06
MLFQ,389,6,888899,6.7499232196233764e-06
MLFQ,390,6,889961,6.74186846389898e-06
MLFQ,391,6,890959,6.734316618385358e-06
MLFQ,392,6,891951,6.726826922106707e-06
MLFQ,393,6,892974,6.719120601495676e-06
MLFQ,394,6,893943,6.711837331910424e-06
MLFQ,395,6,894984,6.704030463114425e-06
MLFQ,396,6,895965,6.696690160887981e-06
MLFQ,397,6,896701,6.691193608571865e-06
MLFQ,398,6,897566,6.68474518865465e-06
MLFQ,399,6,898537,6.6775213485922115e-06
MLFQ,400,6,899549,6.6700090823290335e-06
MLFQ,401,6,900475,6.663150004164469e-06
MLFQ,402,6,901375,6.656497018444044e-06
MLFQ,403,6,902359,6.649238274345355e-06
MLFQ,404,6,903304,6.642282111005819e-06
MLFQ,405,6,904171,6.635912897007314e-06
MLFQ,406,6,905118,6.6289699243634535e-06
MLFQ,407,6,906077,6.621953763311507e-06
MLFQ,408,6,906995,6.615251462246208e-06
MLFQ,409,6,907977,6.608096901132958e-06
MLFQ,410,6,908855,6.601713144561014e-06
MLFQ,411,6,909842,6.594551581483379e-06
MLFQ,412,6,910804,6.587586352277767e-06
MLFQ,413,6,911757,6.580700778825937e-06
MLFQ,414,6,912708,6.57384398953444e-06
MLFQ,415,6,913556,6.567741878987166e-06
MLFQ,416,6,914485,6.561069891797022e-06
MLFQ,417,6,915421,6.554361326646428e-06
MLFQ,418,6,916440,6.5470734581642e-06
MLFQ,419,6,917300,6.5409353537555874e-06
MLFQ,420,6,918484,6.532503560214441e-06
MLFQ,421,6,919373,6.526186868659401e-06
MLFQ,422,6,920167,6.520555507858899e-06
MLFQ,423,6,921183,6.5133637941646775e-06
MLFQ,424,6,922169,6.506399586192986e-06
MLFQ,425,6,923147,6.499506579125535e-06
MLFQ,426,6,924175,6.492276895609598e-06
MLFQ,427,6,925142,6.485490875995253e-06
MLFQ,428,6,926204,6.478054510669356e-06
MLFQ,429,6,926866,6.473427658367013e-06
MLFQ,430,6,927753,6.4672385861323e-06
MLFQ,431,6,928525,6.461861554616193e-06
MLFQ,432,6,929202,6.457153557568753e-06
MLFQ,433,6,930140,6.4506418388629665e-06
MLFQ,434,6,931075,6.444164003973901e-06
PRIORITY,0,36,2471967,1.4563301209118084e-05
PRIORITY,1,36,2473076,1.455677059661733e-05
PRIORITY,2,36,2474134,1.45505457667208e-05
PRIORITY,3,36,2475078,1.4544996157696848e-05
PRIORITY,4,36,2476021,1.4539456652427422e-05
PRIORITY,5,36,2476882,1.453440252704812e-05
PRIORITY,6,36,2477901,1.452842546978269e-05
PRIORITY,7,36,2478868,1.4522757968556615e-05
PRIORITY,8,36,2479871,1.4516884144376865e-05
PRIORITY,9,36,2480998,1.4510289810793882e-05
PRIORITY,10,36,2481992,1.4504478660688673e-05
PRIORITY,11,36,2483004,1.4498567058289072e-05
PRIORITY,12,36,2484093,1.4492211040407907e-05
PRIORITY,13,36,2485079,1.4486460993795368e-05
PRIORITY,14,36,2486123,1.4480377680428522e-05
PRIORITY,15,36,2487101,1.447468357738588e-05
PRIORITY,16,36,2488292,1.4467755392052058e-05
PRIORITY,17,36,2488949,1.4463936384393573e-05
PRIORITY,18,36,2489958,1.4458075196449097e-05
PRIORITY,19,36,2490982,1.4452131729574922e-05
PRIORITY,20,36,2491897,1.4446825049349953e-05
PRIORITY,21,36,2492902,1.4441000889726111e-05
PRIORITY,22,36,2493855,1.4435482415777982e-05
PRIORITY,23,36,2494848,1.442973680160074e-05
PRIORITY,24,36,2495876,1.4423793489740676e-05
PRIORITY,25,36,2496939,1.4417652974301734e-05
PRIORITY,26,36,2497975,1.4411673455498954e-05
PRIORITY,27,36,2499119,1.4405076348905354e-05
PRIORITY,28,36,2499953,1.4400270725089632e-05
PRIORITY,29,36,2500944,1.4394564612402357e-05
PRIORITY,30,36,2502057,1.438816142078298e-05
PRIORITY,31,36,2502952,1.4383016534076562e-05
PRIORITY,32,36,2504039,1.4376772885725822e-05
PRIORITY,33,36,2504945,1.437157302854953e-05
PRIORITY,34,36,2505924,1.4365958424916319e-05
PRIORITY,35,36,2506872,1.4360525786717472e-05
PRIORITY,36,36,2507737,1.4355572374615041e-05
PRIORITY,37,36,2508546,1.4350942737346655e-05
PRIORITY,38,36,2509505,1.4345458566530052e-05
PRIORITY,39,36,2510538,1.4339555903953654e-05
PRIORITY,40,36,2511447,1.4334365805848183e-05
PRIORITY,41,36,2512430,1.4328757418117121e-05
PRIORITY,42,36,2513296,1.4323820194676631e-05
PRIORITY,43,36,2514299,1.4318106160007223e-05
PRIORITY,44,36,2515160,1.4313204726538272e-05
PRIORITY,45,36,2515614,1.4310621581848408e-05
PRIORITY,46,30,2412679,1.24343105734331e-05
PRIORITY,47,30,2413645,1.2429334056996782e-05
PRIORITY,48,30,2414638,1.242422259568515e-05
PRIORITY,49,30,2416354,1.2415399399260208e-05
PRIORITY,50,30,2416488,1.241471093587057e-05
PRIORITY,51,30,2417500,1.2409513960703206e-05
PRIORITY,52,30,2418638,1.240367512624874e-05
PRIORITY,53,30,2419610,1.239869235124669e-05
PRIORITY,54,30,2420593,1.239365725671354e-05
PRIORITY,55,30,2421602,1.2388493237121542e-05
PRIORITY,56,30,2422737,1.238268949539302e-05
PRIORITY,57,30,2423491,1.2378836975255942e-05
PRIORITY,58,30,2424440,1.2373991519691145e-05
PRIORITY,59,30,2425378,1.236920595470067e-05
PRIORITY,60,30,2428072,1.2355482045013492e-05
PRIORITY,61,30,2427434,1.2358729423745403e-05
PRIORITY,62,30,2428482,1.2353396072114185e-05
PRIORITY,63,30,2429347,1.2348997487802278e-05
PRIORITY,64,30,2432023,1.2335409656898804e-05
PRIORITY,65,30,2431479,1.2338169484498941e-05
PRIORITY,66,30,2434045,1.232516243536993e-05
PRIORITY,67,30,2433562,1.2327608665815788e-05
PRIORITY,68,30,2434653,1.23220845023911e-05
PRIORITY,69,30,2435533,1.231763232113874e-05
PRIORITY,70,30,2436465,1.2312920563192986e-05
PRIORITY,71,30,2437454,1.2307924580320285e-05
PRIORITY,72,30,2438759,1.2301338508643125e-05
PRIORITY,73,30,2439746,1.229636199833917e-05
PRIORITY,74,30,2441216,1.2288957634228187e-05
PRIORITY,75,30,2441566,1.2287196004531518e-05
PRIORITY,76,30,2442633,1.2281828666033743e-05
PRIORITY,77,30,2443605,1.2276943286660486e-05
PRIORITY,78,30,2444562,1.227213709449791e-05
PRIORITY,79,30,2445505,1.2267404891832157e-05
PRIORITY,80,30,2446452,1.2262656287554385e-05
PRIORITY,81,30,2447345,1.2258181825611018e-05
PRIORITY,82,30,2448518,1.2252309356108471e-05
PRIORITY,83,30,2449218,1.2248807578582226e-05
PRIORITY,84,30,2450220,1.224379851605162e-05
PRIORITY,85,30,2451182,1.2238993269369635e-05
PRIORITY,86,30,2452162,1.2234101988367816e-05
PRIORITY,87,30,2453183,1.222901022875179e-05
PRIORITY,88,30,2454185,1.2224017341805936e-05
PRIORITY,89,30,2455158,1.2219172859750778e-05
PRIORITY,90,30,2456199,1.2213994061556087e-05
PRIORITY,91,24,2256425,1.0636294137850804e-05
PRIORITY,92,24,2253569,1.064977375886871e-05
PRIORITY,93,24,2254531,1.0645229539979711e-05
PRIORITY,94,24,2255631,1.064003819773713e-05
PRIORITY,95,24,2260566,1.0616810126313499e-05
PRIORITY,96,24,2257539,1.0631045576621267e-05
PRIORITY,97,24,2262471,1.060787077491822e-05
PRIORITY,98,24,2259518,1.062173436989659e-05
PRIORITY,99,24,2260535,1.0616955720659047e-05
PRIORITY,100,24,2261494,1.0612453537351857e-05
PRIORITY,101,24,2266509,1.0588971850541956e-05
PRIORITY,102,24,2263532,1.0602898479014214e-05
PRIORITY,103,24,2264529,1.0598230360485559e-05
PRIORITY,104,24,2265450,1.0593921737403165e-05
PRIORITY,105,24,2266333,1.0589794174112984e-05
PRIORITY,106,24,2267388,1.0584866815913288e-05
PRIORITY,107,24,2272319,1.056189733923802e-05
PRIORITY,108,24,2273257,1.0557539248751901e-05
PRIORITY,109,24,2270350,1.0571057325962957e-05
PRIORITY,110,24,2271442,1.056597527033488e-05
PRIORITY,111,24,2272400,1.0561520859003696e-05
PRIORITY,112,24,2273332,1.0557190942633984e-05
PRIORITY,113,24,2274195,1.0553184753286328e-05
PRIORITY,114,24,2275148,1.0548764300168605e-05
PRIORITY,115,24,2276225,1.0543773133148086e-05
PRIORITY,116,24,2277171,1.053939295731414e-05
PRIORITY,117,24,2278127,1.0534970175060478e-05
PRIORITY,118,24,2279075,1.0530588067527395e-05
PRIORITY,119,24,2284530,1.0505443132723143e-05
PRIORITY,120,24,2281075,1.0521355062854137e-05
PRIORITY,121,24,2282115,1.0516560296041172e-05
PRIORITY,122,24,2283089,1.0512073773733743e-05
PRIORITY,123,24,2288701,1.0486297685892566e-05
PRIORITY,124,24,2289531,1.0482496196819348e-05
PRIORITY,125,24,2289810,1.048121896576572e-05
PRIORITY,126,24,2287046,1.0493885999669443e-05
PRIORITY,127,24,2288038,1.0489336278505864e-05
PRIORITY,128,24,2289030,1.0484790500779806e-05
PRIORITY,129,24,2290003,1.0480335615280853e-05
PRIORITY,130,24,2291020,1.0475683320093233e-05
PRIORITY,131,24,2292011,1.0471153934252498e-05
PRIORITY,132,24,2292984,1.04667106268513e-05
PRIORITY,133,24,2293948,1.0462312136107706e-05
PRIORITY,134,24,2294998,1.0457525453181222e-05
PRIORITY,135,24,2296135,1.0452347096316201e-05
PRIORITY,136,24,2296979,1.0448506494835172e-05
PRIORITY,137,24,2297874,1.0444436901240016e-05
PRIORITY,138,24,2298936,1.0439612064015701e-05
PRIORITY,139,24,2299954,1.0434991308521823e-05
PRIORITY,140,24,2301071,1.0429925891030742e-05
PRIORITY,141,24,2302020,1.0425626189172988e-05
PRIORITY,142,24,2302922,1.0421542718337834e-05
PRIORITY,143,24,2303903,1.041710523403112e-05
PRIORITY,144,24,2304805,1.0413028434075768e-05
PRIORITY,145,18,1984063,9.07229256329058e-06
PRIORITY,146,18,1985021,9.067914142973801e-06
PRIORITY,147,18,1986022,9.063343709183483e-06
PRIORITY,148,18,1987043,9.058686701797595e-06
PRIORITY,149,18,1987992,9.054362391800369e-06
PRIORITY,150,18,1988921,9.050133212933043e-06
PRIORITY,151,18,1989893,9.045712508159986e-06
PRIORITY,152,18,1990849,9.041368782866004e-06
PRIORITY,153,18,1991844,9.036852283612572e-06
PRIORITY,154,18,1993494,9.029372548901577e-06
PRIORITY,155,18,2001892,8.991494046631887e-06
PRIORITY,156,18,1994842,9.023271015950135e-06
PRIORITY,157,18,2003952,8.982251071881962e-06
PRIORITY,158,18,1996716,9.014802305385443e-06
PRIORITY,159,18,1997705,9.010339364420673e-06
PRIORITY,160,18,2007052,8.968377500931715e-06
PRIORITY,161,18,1999742,9.001161149788323e-06
PRIORITY,162,18,2000676,8.996959027848587e-06
PRIORITY,163,18,2001757,8.992100439763668e-06
PRIORITY,164,18,2002710,8.987821501864973e-06
PRIORITY,165,18,2003708,8.983344878595085e-06
PRIORITY,166,18,2004785,8.978518893547189e-06
PRIORITY,167,18,2005822,8.973877043925134e-06
PRIORITY,168,18,2006686,8.97001324571956e-06
PRIORITY,169,18,2016273,8.927362514897537e-06
PRIORITY,170,18,2008612,8.961412159242302e-06
PRIORITY,171,18,2009604,8.956988541025993e-06
PRIORITY,172,18,2010652,8.952319943978371e-06
PRIORITY,173,18,2011706,8.947629524393723e-06
PRIORITY,174,18,2012858,8.9425086121326e-06
PRIORITY,175,18,2013631,8.939075729366502e-06
PRIORITY,176,18,2014721,8.934239529939877e-06
PRIORITY,177,18,2024571,8.890772415489503e-06
PRIORITY,178,18,2016612,8.925861791956013e-06
PRIORITY,179,18,2026636,8.88171334171504e-06
PRIORITY,180,18,2018542,8.91732745714481e-06
PRIORITY,181,18,2019476,8.91320322697571e-06
PRIORITY,182,18,2020626,8.90813045066232e-06
PRIORITY,183,18,2021541,8.904098408095606e-06
PRIORITY,184,18,2022423,8.900215236871811e-06
PRIORITY,185,18,2023450,8.895697941634337e-06
PRIORITY,186,18,2033532,8.851594172110397e-06
PRIORITY,187,18,2025435,8.886979833961593e-06
PRIORITY,188,18,2026523,8.882208590773457e-06
PRIORITY,189,18,2027376,8.878471482349599e-06
PRIORITY,190,18,2028333,8.874282477285534e-06
PRIORITY,191,18,2038824,8.82861885086697e-06
PRIORITY,192,18,2030292,8.865719807791194e-06
PRIORITY,193,18,2031318,8.861241814427874e-06
PRIORITY,194,18,2041943,8.815133429287694e-06
PRIORITY,195,18,2042996,8.810589937523129e-06
PRIORITY,196,18,2043992,8.806296697834434e-06
PRIORITY,197,18,2035281,8.843987636105285e-06
PRIORITY,198,18,2036262,8.839726911369952e-06
PRIORITY,199,18,2037265,8.835374877593244e-06
PRIORITY,200,18,2038317,8.830814834002758e-06
PRIORITY,201,18,2039266,8.826705294944357e-06
PRIORITY,202,18,2040159,8.822841749098968e-06
PRIORITY,203,18,2041583,8.81668783488107e-06
PRIORITY,204,18,2042097,8.814468656483996e-06
PRIORITY,205,18,2043627,8.807869537836405e-06
PRIORITY,206,18,2044124,8.805728028240949e-06
PRIORITY,207,18,2045090,8.801568635121192e-06
PRIORITY,208,18,2046067,8.797365873160557e-06
PRIORITY,209,18,2057624,8.747953950770404e-06
PRIORITY,210,18,2048049,8.788852219844349e-06
PRIORITY,211,18,2049162,8.784078564798684e-06
PRIORITY,212,18,2050222,8.779537045256563e-06
PRIORITY,213,18,2051155,8.775543535227714e-06
PRIORITY,214,18,2052108,8.771468168342018e-06
PRIORITY,215,18,2053200,8.766803039158388e-06
PRIORITY,216,18,2064969,8.71683787989069e-06
PRIORITY,217,18,2055086,8.758757541046944e-06
PRIORITY,218,18,2067038,8.708112768125211e-06
PRIORITY,219,18,2057008,8.750573648716971e-06
PRIORITY,220,18,2058012,8.74630468627005e-06
PRIORITY,221,18,2059018,8.742031395548752e-06
PRIORITY,222,18,2060006,8.737838627654482e-06
PRIORITY,223,18,2072106,8.68681428459741e-06
PRIORITY,224,18,2062078,8.729058745595462e-06
PRIORITY,225,18,2063105,8.72471347798585e-06
PRIORITY,226,18,2064104,8.720490827981536e-06
PRIORITY,227,18,2075980,8.670603763042034e-06
PRIORITY,228,18,2076606,8.667989979803584e-06
PRIORITY,229,18,2067043,8.708091703946168e-06
PRIORITY,230,18,2068006,8.704036642060032e-06
PRIORITY,231,18,2069064,8.699585899711174e-06
PRIORITY,232,18,2070077,8.695328724487061e-06
PRIORITY,233,18,2071037,8.69129812745982e-06
PRIORITY,234,18,2072074,8.686948439100148e-06
PRIORITY,235,18,2073119,8.68256959682488e-06
PRIORITY,236,18,2074160,8.678211902649747e-06
PRIORITY,237,18,2084599,8.634754214119837e-06
PRIORITY,238,18,2076097,8.670115124678664e-06
PRIORITY,239,18,2077134,8.665786607893377e-06
PRIORITY,240,18,2078270,8.661049815471522e-06
PRIORITY,241,18,2079439,8.656180825693853e-06
PRIORITY,242,18,2080434,8.65204087224108e-06
PRIORITY,243,18,2081265,8.648586316495017e-06
PRIORITY,244,18,2082284,8.644353988216785e-06
PRIORITY,245,18,2083273,8.640250221646419e-06
PRIORITY,246,18,2084272,8.636108914767362e-06
PRIORITY,247,18,2085264,8.632000552448036e-06
PRIORITY,248,18,2086280,8.627796844143643e-06
PRIORITY,249,18,2087242,8.623820333243582e-06
PRIORITY,250,18,2088487,8.618679455510136e-06
PRIORITY,251,18,2089998,8.612448432965008e-06
PRIORITY,252,18,2090291,8.611241209955934e-06
PRIORITY,253,18,2091128,8.607794453519823e-06
PRIORITY,254,18,2092071,8.603914494297756e-06
PRIORITY,255,18,2092974,8.600202391429612e-06
PRIORITY,256,18,2093795,8.596830157680193e-06
PRIORITY,257,18,2094646,8.593337489962504e-06
PRIORITY,258,12,1526854,7.859297614572186e-06
PRIORITY,259,12,1527902,7.853906860518541e-06
PRIORITY,260,12,1529053,7.847994804627439e-06
PRIORITY,261,12,1529851,7.843901138084689e-06
PRIORITY,262,12,1530904,7.838505876266572e-06
PRIORITY,263,12,1545912,7.762408209522923e-06
PRIORITY,264,12,1532831,7.828651690890907e-06
PRIORITY,265,12,1533866,7.823369186095787e-06
PRIORITY,266,12,1534901,7.818093805398525e-06
PRIORITY,267,12,1535963,7.812688196265145e-06
PRIORITY,268,12,1536983,7.80750340114367e-06
PRIORITY,269,12,1537817,7.803269179622803e-06
PRIORITY,270,12,1538977,7.797387485323042e-06
PRIORITY,271,12,1539749,7.793478027912342e-06
PRIORITY,272,12,1555398,7.715067140371789e-06
PRIORITY,273,12,1541758,7.783322674505337e-06
PRIORITY,274,12,1557219,7.70604519980812e-06
PRIORITY,275,12,1543717,7.77344552142653e-06
PRIORITY,276,12,1544736,7.768317693120377e-06
PRIORITY,277,12,1545754,7.763201647868937e-06
PRIORITY,278,12,1561402,7.685400684769201e-06
PRIORITY,279,12,1547757,7.75315504953297e-06
PRIORITY,280,12,1548746,7.748204030874011e-06
PRIORITY,281,12,1549772,7.743074465147131e-06
PRIORITY,282,12,1550677,7.738555482540851e-06
PRIORITY,283,12,1551725,7.733329037039425e-06
PRIORITY,284,12,1552895,7.727502503388832e-06
PRIORITY,285,12,1553911,7.722449998745101e-06
PRIORITY,286,12,1570000,7.643312101910828e-06
PRIORITY,287,12,1556034,7.71191374995662e-06
PRIORITY,288,12,1572208,7.63257787773628e-06
PRIORITY,289,12,1557962,7.702370147667273e-06
PRIORITY,290,12,1558984,7.697320819200196e-06
PRIORITY,291,12,1559962,7.692495073597947e-06
PRIORITY,292,12,1576367,7.612440504019686e-06
PRIORITY,293,12,1577343,7.607730214671128e-06
PRIORITY,294,12,1578278,7.603223259780596e-06
PRIORITY,295,12,1563890,7.67317394445901e-06
PRIORITY,296,12,1580361,7.59320180642271e-06
PRIORITY,297,12,1565925,7.663202260644667e-06
PRIORITY,298,12,1566885,7.658507165490767e-06
PRIORITY,299,12,1568078,7.652680542677086e-06
PRIORITY,300,12,1569057,7.647905716618326e-06
PRIORITY,301,12,1569951,7.643550658587433e-06
PRIORITY,302,12,1571037,7.638266953610895e-06
PRIORITY,303,12,1572049,7.633349851054261e-06
PRIORITY,304,12,1573050,7.628492419185658e-06
PRIORITY,305,12,1574304,7.622416000975669e-06
PRIORITY,306,12,1574997,7.619062131546917e-06
PRIORITY,307,12,1575961,7.614401625420934e-06
PRIORITY,308,12,1576868,7.610021891496308e-06
PRIORITY,309,12,1577997,7.604577195013679e-06
PRIORITY,310,12,1578980,7.599842936579311e-06
PRIORITY,311,12,1579798,7.5959078312543755e-06
PRIORITY,312,12,1580823,7.590982671684306e-06
PRIORITY,313,12,1581945,7.585598740790609e-06
PRIORITY,314,12,1582885,7.5810940150421544e-06
PRIORITY,315,12,1583786,7.576781206551895e-06
PRIORITY,316,12,1584771,7.572071927111236e-06
PRIORITY,317,12,1585741,7.567440080063516e-06
PRIORITY,318,12,1603475,7.483746238637958e-06
PRIORITY,319,12,1604497,7.478979393542026e-06
PRIORITY,320,12,1588556,7.554030201012743e-06
PRIORITY,321,12,1589555,7.549282660870495e-06
PRIORITY,322,12,1590515,7.544726079288784e-06
PRIORITY,323,12,1591395,7.540554042208251e-06
PRIORITY,324,12,1592363,7.535970127414415e-06
PRIORITY,325,12,1593378,7.531169628299123e-06
PRIORITY,326,12,1594312,7.526757623351013e-06
PRIORITY,327,12,1595336,7.521926415501186e-06
PRIORITY,328,12,1596281,7.517473427297574e-06
PRIORITY,329,12,1614861,7.430980127701393e-06
PRIORITY,330,12,1615569,7.4277236069768606e-06
PRIORITY,331,12,1599466,7.5025039606968825e-06
PRIORITY,332,12,1600469,7.497802206728153e-06
PRIORITY,333,12,1601547,7.492755442081937e-06
PRIORITY,334,12,1602481,7.4883883178646115e-06
PRIORITY,335,12,1603460,7.483816247365073e-06
PRIORITY,336,12,1604508,7.478928120021838e-06
PRIORITY,337,12,1605734,7.473217855510315e-06
PRIORITY,338,12,1606796,7.468278487125932e-06
PRIORITY,339,12,1607632,7.464394836629278e-06
PRIORITY,340,12,1608951,7.458275609387731e-06
PRIORITY,341,12,1609632,7.455120176537245e-06
PRIORITY,342,12,1628101,7.370550107149372e-06
PRIORITY,343,12,1611599,7.446021001502234e-06
PRIORITY,344,12,1628702,7.367830333603078e-06
PRIORITY,345,12,1613646,7.436575308339004e-06
PRIORITY,346,12,1614650,7.431951196853807e-06
PRIORITY,347,12,1615608,7.4275443053017815e-06
PRIORITY,348,12,1616751,7.422293228827445e-06
PRIORITY,349,12,1617575,7.418512279183346e-06
PRIORITY,350,12,1618490,7.414318284326749e-06
PRIORITY,351,12,1619391,7.4101930911064714e-06
PRIORITY,352,12,1620281,7.406122765125309e-06
PRIORITY,353,6,846787,7.0856071243417765e-06
PRIORITY,354,6,867415,6.917104269582611e-06
PRIORITY,355,6,848847,7.068411621882389e-06
PRIORITY,356,6,849719,7.061157865129531e-06
PRIORITY,357,6,850663,7.053321938299891e-06
PRIORITY,358,6,871521,6.88451569153239e-06
PRIORITY,359,6,872441,6.877255883205856e-06
PRIORITY,360,6,873334,6.870223763187967e-06
PRIORITY,361,6,854587,7.020935258785823e-06
PRIORITY,362,6,875411,6.85392347137516e-06
PRIORITY,363,6,856592,7.004501559669014e-06
PRIORITY,364,6,857553,6.996652101969207e-06
PRIORITY,365,6,858708,6.987241297390964e-06
PRIORITY,366,6,859592,6.980055654310417e-06
PRIORITY,367,6,860550,6.972285166463308e-06
PRIORITY,368,6,861822,6.961994472176389e-06
PRIORITY,369,6,862806,6.95405456151209e-06
PRIORITY,370,6,883747,6.7892734006452075e-06
PRIORITY,371,6,864601,6.9396172338454386e-06
PRIORITY,372,6,865687,6.930911518828399e-06
PRIORITY,373,6,866551,6.924001010904148e-06
PRIORITY,374,6,867656,6.9151829757415384e-06
PRIORITY,375,6,868654,6.907238094799541e-06
PRIORITY,376,6,869603,6.899700208025962e-06
PRIORITY,377,6,870617,6.89166418758191e-06
PRIORITY,378,6,871604,6.883860101605775e-06
PRIORITY,379,6,872608,6.875939711760607e-06
PRIORITY,380,6,873550,6.86852498425963e-06
PRIORITY,381,6,874508,6.861000699822071e-06
PRIORITY,382,6,875937,6.849807691649057e-06
PRIORITY,383,6,897542,6.68492393670714e-06
PRIORITY,384,6,877665,6.8363213754678606e-06
PRIORITY,385,6,878692,6.828331201376591e-06
PRIORITY,386,6,879703,6.820483731441179e-06
PRIORITY,387,6,880557,6.8138689488585065e-06
PRIORITY,388,6,902554,6.6478016827802e-06
PRIORITY,389,6,903539,6.640554530573666e-06
PRIORITY,390,6,883516,6.7910484926136025e-06
PRIORITY,391,6,884532,6.783248090515663e-06
PRIORITY,392,6,885577,6.775243711162327e-06
PRIORITY,393,6,886449,6.768578903016417e-06
PRIORITY,394,6,887609,6.759733170799305e-06
PRIORITY,395,6,888511,6.752870814204889e-06
PRIORITY,396,6,889676,6.744028163061609e-06
PRIORITY,397,6,890468,6.738029889900592e-06
PRIORITY,398,6,891540,6.72992798977051e-06
PRIORITY,399,6,892605,6.721898264069773e-06
PRIORITY,400,6,915036,6.5571190641679675e-06
PRIORITY,401,6,894447,6.70805536828901e-06
PRIORITY,402,6,917114,6.542261921636787e-06
PRIORITY,403,6,896360,6.693739122673926e-06
PRIORITY,404,6,897446,6.685639024520696e-06
PRIORITY,405,6,898421,6.678383519530376e-06
PRIORITY,406,6,921317,6.512416464691306e-06
PRIORITY,407,6,900388,6.663793831103924e-06
PRIORITY,408,6,901357,6.656629947956248e-06
PRIORITY,409,6,902286,6.649776235029692e-06
PRIORITY,410,6,925491,6.483045215998859e-06
PRIORITY,411,6,904377,6.63440136137916e-06
PRIORITY,412,6,927466,6.469239842754344e-06
PRIORITY,413,6,906281,6.62046318967296e-06
PRIORITY,414,6,907311,6.6129474898904566e-06
PRIORITY,415,6,930719,6.446628896584254e-06
PRIORITY,416,6,931596,6.440560071103783e-06
PRIORITY,417,6,910403,6.590487948743579e-06
PRIORITY,418,6,911396,6.5833073658431684e-06
PRIORITY,419,6,912157,6.577815003338241e-06
PRIORITY,420,6,913116,6.570906653700077e-06
PRIORITY,421,6,936605,6.406115705126494e-06
PRIORITY,422,6,915119,6.556524342735753e-06
PRIORITY,423,6,937192,6.402103304338918e-06
PRIORITY,424,6,917201,6.541641363234449e-06
PRIORITY,425,6,918199,6.534531185505539e-06
PRIORITY,426,6,919306,6.526662504106359e-06
PRIORITY,427,6,920177,6.52048464588878e-06
PRIORITY,428,6,921188,6.513328441099971e-06
PRIORITY,429,6,922153,6.506512476779884e-06
PRIORITY,430,6,923021,6.500393815525324e-06
PRIORITY,431,6,923931,6.493991434425298e-06
PRIORITY,432,6,924813,6.487798073772752e-06
PRIORITY,433,6,925729,6.481378459570782e-06
PRIORITY,434,6,926815,6.473783872725409e-06
SJF,0,36,2469532,1.4577660868537035e-05
SJF,1,36,2470458,1.4572196734370713e-05
SJF,2,36,2471468,1.4566241602157098e-05
SJF,3,36,2472230,1.4561751940555692e-05
SJF,4,36,2473371,1.4555034404462574e-05
SJF,5,36,2474091,1.4550798656961284e-05
SJF,6,36,2475078,1.4544996157696848e-05
SJF,7,36,2476011,1.4539515373720069e-05
SJF,8,36,2477037,1.453349304027352e-05
SJF,9,36,2477862,1.4528654138123916e-05
SJF,10,36,2478842,1.4522910294403596e-05
SJF,11,36,2479841,1.451705976310578e-05
SJF,12,36,2480910,1.451080450318633e-05
SJF,13,36,2481802,1.4505589084060695e-05
SJF,14,36,2482730,1.45001671547047e-05
SJF,15,36,2483831,1.449373971095457e-05
SJF,16,36,2484799,1.4488093403128382e-05
SJF,17,36,2485761,1.4482486449823615e-05
SJF,18,36,2486622,1.4477471847349537e-05
SJF,19,36,2487530,1.4472187270103275e-05
SJF,20,36,2488490,1.4466604245948346e-05
SJF,21,36,2489499,1.446074089605981e-05
SJF,22,36,2490418,1.4455404675038487e-05
SJF,23,36,2491420,1.44495909962993e-05
SJF,24,36,2492412,1.4443839942994979e-05
SJF,25,36,2493388,1.4438186114635989e-05
SJF,26,36,2494504,1.4431726707994856e-05
SJF,27,36,2495340,1.4426891726177595e-05
SJF,28,36,2496360,1.4420996971590637e-05
SJF,29,36,2497334,1.441537255329083e-05
SJF,30,36,2498326,1.4409648700770035e-05
SJF,31,36,2499338,1.440381412998162e-05
SJF,32,36,2500555,1.4396803909532084e-05
SJF,33,36,2501258,1.4392757564393597e-05
SJF,34,36,2502252,1.4387040154229071e-05
SJF,35,36,2503295,1.4381045781659773e-05
SJF,36,36,2504052,1.4376698247480483e-05
SJF,37,36,2504741,1.4372743529171279e-05
SJF,38,36,2505679,1.4367363097986614e-05
SJF,39,36,2506662,1.4361728864920758e-05
SJF,40,36,2507556,1.4356608586209042e-05
SJF,41,36,2508493,1.4351245947267942e-05
SJF,42,36,2509362,1.4346276065390326e-05
SJF,43,36,2510364,1.4340549816679972e-05
SJF,44,36,2511198,1.4335787142232512e-05
SJF,45,36,2511603,1.433347547363178e-05
SJF,46,30,2409074,1.2452917594063112e-05
SJF,47,30,2409915,1.2448571837595932e-05
SJF,48,30,2410913,1.244341873804654e-05
SJF,49,30,2411900,1.2438326630457316e-05
SJF,50,30,2412836,1.2433501489533478e-05
SJF,51,30,2415552,1.2419521500675621e-05
SJF,52,30,2416382,1.2415255534927838e-05
SJF,53,30,2416724,1.2413498603895191e-05
SJF,54,30,2417667,1.240865677531273e-05
SJF,55,30,2417977,1.2407065906747665e-05
SJF,56,30,2418958,1.2402034264340266e-05
SJF,57,30,2419486,1.239932779110935e-05
SJF,58,30,2420928,1.2391942263462606e-05
SJF,59,30,2421370,1.2389680222353462e-05
SJF,60,30,2422347,1.2384683119305369e-05
SJF,61,30,2425004,1.2371113614657955e-05
SJF,62,30,2424235,1.2375037898553564e-05
SJF,63,30,2425148,1.2370379044907774e-05
SJF,64,30,2426402,1.2363985852303121e-05
SJF,65,30,2427113,1.2360363938555807e-05
SJF,66,30,2429279,1.234934315901961e-05
SJF,67,30,2429009,1.235071586807624e-05
SJF,68,30,2430102,1.2345160820410008e-05
SJF,69,30,2431090,1.2340143721540544e-05
SJF,70,30,2431985,1.233560239886348e-05
SJF,71,30,2432858,1.2331175925598617e-05
SJF,72,30,2433826,1.2326271475446478e-05
SJF,73,30,2434857,1.232105211928257e-05
SJF,74,30,2435821,1.2316175942320885e-05
SJF,75,30,2438160,1.2304360665419824e-05
SJF,76,30,2437737,1.2306495737645201e-05
SJF,77,30,2438786,1.230120231951471e-05
SJF,78,30,2439666,1.2296765212943083e-05
SJF,79,30,2440568,1.2292220499490283e-05
SJF,80,30,2441480,1.2287628815308747e-05
SJF,81,30,2442444,1.2282779052457292e-05
SJF,82,30,2443403,1.227795824102696e-05
SJF,83,30,2444381,1.2273045814052719e-05
SJF,84,30,2445364,1.2268112231962195e-05
SJF,85,30,2447796,1.2255923287724958e-05
SJF,86,30,2447391,1.2257951426641677e-05
SJF,87,30,2449057,1.2249612810155093e-05
SJF,88,30,2449005,1.2249872907568584e-05
SJF,89,30,2449880,1.2245497738664751e-05
SJF,90,30,2450749,1.2241155663023834e-05
SJF,91,24,2248300,1.0674732019748253e-05
SJF,92,24,2249333,1.0669829678397996e-05
SJF,93,24,2250318,1.0665159324148854e-05
SJF,94,24,2251355,1.066024682913179e-05
SJF,95,24,2255123,1.0642435024608414e-05
SJF,96,24,2256138,1.0637647165200002e-05
SJF,97,24,2254241,1.0646599010487343e-05
SJF,98,24,2255234,1.0641911216308375e-05
SJF,99,24,2256241,1.0637161544356298e-05
SJF,100,24,2257288,1.063222769978842e-05
SJF,101,24,2258265,1.0627627847041867e-05
SJF,102,24,2263265,1.060414931525915e-05
SJF,103,24,2260235,1.0618364904534263e-05
SJF,104,24,2264368,1.0598983910742423e-05
SJF,105,24,2262128,1.0609479216030215e-05
SJF,106,24,2263172,1.060458506909771e-05
SJF,107,24,2267004,1.0586659750048963e-05
SJF,108,24,2265063,1.0595731774347999e-05
SJF,109,24,2268639,1.0579029982293349e-05
SJF,110,24,2266903,1.0587131429972962e-05
SJF,111,24,2270623,1.0569786353789247e-05
SJF,112,24,2268794,1.057830724164468e-05
SJF,113,24,2269782,1.0573702672767693e-05
SJF,114,24,2273369,1.0557019120081253e-05
SJF,115,24,2273551,1.0556174020288087e-05
SJF,116,24,2272758,1.0559857230730241e-05
SJF,117,24,2273720,1.05553894059075e-05
SJF,118,24,2275543,1.0546933193527875e-05
SJF,119,24,2275680,1.054629824931449e-05
SJF,120,24,2276662,1.0541749280305993e-05
SJF,121,24,2278510,1.0533199327630777e-05
SJF,122,24,2278539,1.0533065266822292e-05
SJF,123,24,2279649,1.0527936537598552e-05
SJF,124,24,2281181,1.0520866165376618e-05
SJF,125,24,2281517,1.0519316752844708e-05
SJF,126,24,2282628,1.0514196794221398e-05
SJF,127,24,2283600,1.0509721492380452e-05
SJF,128,24,2284537,1.0505410943223943e-05
SJF,129,24,2285462,1.0501159065431847e-05
SJF,130,24,2293746,1.0463233505366332e-05
SJF,131,24,2287365,1.0492422503623164e-05
SJF,132,24,2288464,1.0487383677436044e-05
SJF,133,24,2295099,1.0457065250780031e-05
SJF,134,24,2290229,1.0479301414836682e-05
SJF,135,24,2297048,1.0448192636810375e-05
SJF,136,24,2297638,1.0445509692997766e-05
SJF,137,24,2298030,1.044372788866986e-05
SJF,138,24,2293928,1.0462403353549021e-05
SJF,139,24,2298306,1.0442473717598962e-05
SJF,140,24,2295638,1.0454610003842069e-05
SJF,141,24,2297511,1.0446087091639604e-05
SJF,142,24,2297577,1.0445787018237038e-05
SJF,143,24,2299010,1.0439276036206889e-05
SJF,144,24,2299330,1.0437823191973314e-05
SJF,145,18,1980767,9.087388875117567e-06
SJF,146,18,1981698,9.083119627713203e-06
SJF,147,18,1988512,9.051994657311598e-06
SJF,148,18,1983706,9.07392526916791e-06
SJF,149,18,1984634,9.06968236964599e-06
SJF,150,18,1991607,9.037927663439624e-06
SJF,151,18,1986689,9.06030083218863e-06
SJF,152,18,1993639,9.02871583069954e-06
SJF,153,18,1994622,9.024266251951498e-06
SJF,154,18,1989518,9.047417515197149e-06
SJF,155,18,1990495,9.04297674699007e-06
SJF,156,18,1991492,9.038449564447158e-06
SJF,157,18,1992591,9.033464469125876e-06
SJF,158,18,1997229,9.01248680046204e-06
SJF,159,18,1997640,9.010632546404758e-06
SJF,160,18,1995468,9.020440317760045e-06
SJF,161,18,1996509,9.015736968879178e-06
SJF,162,18,1997527,9.011142277426037e-06
SJF,163,18,1998499,9.00675957305958e-06
SJF,164,18,1999473,9.002372125054952e-06
SJF,165,18,2003522,8.984178861025734e-06
SJF,166,18,2004560,8.979526679171489e-06
SJF,167,18,2004304,8.980673590433387e-06
SJF,168,18,2003346,8.984968148287914e-06
SJF,169,18,2004381,8.980328590223116e-06
SJF,170,18,2005422,8.975666966852862e-06
SJF,171,18,2006475,8.970956528239823e-06
SJF,172,18,2009453,8.957661612389043e-06
SJF,173,18,2009897,8.955682803646157e-06
SJF,174,18,2010694,8.952132945142323e-06
SJF,175,18,2010386,8.953504451383963e-06
SJF,176,18,2011461,8.948719363686394e-06
SJF,177,18,2012443,8.944352709617117e-06
SJF,178,18,2014683,8.934408043349748e-06
SJF,179,18,2014419,8.935578943606072e-06
SJF,180,18,2015358,8.931415659153362e-06
SJF,181,18,2016806,8.925003198126146e-06
SJF,182,18,2025691,8.88585672740808e-06
SJF,183,18,2018342,8.91821108612911e-06
SJF,184,18,2027170,8.87937370817445e-06
SJF,185,18,2028030,8.87560834898892e-06
SJF,186,18,2028795,8.872261613420774e-06
SJF,187,18,2022221,8.901104280887202e-06
SJF,188,18,2023183,8.896871909263769e-06
SJF,189,18,2031939,8.858533646925425e-06
SJF,190,18,2025142,8.888265612979238e-06
SJF,191,18,2026119,8.883979667531867e-06
SJF,192,18,2027070,8.879811747990943e-06
SJF,193,18,2028028,8.875617101933503e-06
SJF,194,18,2029054,8.871129107455987e-06
SJF,195,18,2037963,8.8323487717883e-06
SJF,196,18,2031019,8.862546337577344e-06
SJF,197,18,2032064,8.857988724764574e-06
SJF,198,18,2032977,8.854010645472133e-06
SJF,199,18,2041887,8.81537518971422e-06
SJF,200,18,2035012,8.845156687036736e-06
SJF,201,18,2043342,8.809098036452047e-06
SJF,202,18,2036947,8.8367542209002e-06
SJF,203,18,2045433,8.800092694309714e-06
SJF,204,18,2046200,8.796794057276904e-06
SJF,205,18,2044623,8.803578948295114e-06
SJF,206,18,2045330,8.800535854849829e-06
SJF,207,18,2041794,8.815776714007387e-06
SJF,208,18,2046299,8.79636846814664e-06
SJF,209,18,2043618,8.80790832729013e-06
SJF,210,18,2047545,8.79101558207512e-06
SJF,211,18,2045623,8.799275330791647e-06
SJF,212,18,2046624,8.794971621558234e-06
SJF,213,18,2050178,8.779725467739874e-06
SJF,214,18,2048608,8.786454021462379e-06
SJF,215,18,2050389,8.778821969879862e-06
SJF,216,18,2050563,8.778077045182225e-06
SJF,217,18,2063774,8.72188524518673e-06
SJF,218,18,2063413,8.723411163930827e-06
SJF,219,18,2053402,8.765940619518244e-06
SJF,220,18,2054268,8.762245237719714e-06
SJF,221,18,2066518,8.71030399928769e-06
SJF,222,18,2056197,8.754025027757554e-06
SJF,223,18,2057204,8.749739938285167e-06
SJF,224,18,2069467,8.697891775998361e-06
SJF,225,18,2059153,8.741458259779627e-06
SJF,226,18,2060060,8.737609584186869e-06
SJF,227,18,2061279,8.732442333133943e-06
SJF,228,18,2062062,8.729126476313515e-06
SJF,229,18,2074411,8.67716185461801e-06
SJF,230,18,2063980,8.721014738514908e-06
SJF,231,18,2064854,8.717323355549593e-06
SJF,232,18,2076414,8.668791483779247e-06
SJF,233,18,2066790,8.709157679299783e-06
SJF,234,18,2067696,8.70534159760429e-06
SJF,235,18,2068950,8.700065250489378e-06
SJF,236,18,2069771,8.696614263123794e-06
SJF,237,18,2080324,8.652498360832254e-06
SJF,238,18,2071697,8.688529258863627e-06
SJF,239,18,2072575,8.68484855795327e-06
SJF,240,18,2073856,8.679484014319219e-06
SJF,241,18,2074517,8.676718484350816e-06
SJF,242,18,2085849,8.629579610029297e-06
SJF,243,18,2076873,8.66687563466808e-06
SJF,244,18,2077844,8.662825505668376e-06
SJF,245,18,2088541,8.618456616365205e-06
SJF,246,18,2079735,8.654948827615056e-06
SJF,247,18,2080625,8.651246620606789e-06
SJF,248,18,2081582,8.647269240414262e-06
SJF,249,18,2092334,8.602833008496732e-06
SJF,250,18,2089450,8.614707219603244e-06
SJF,251,18,2084539,8.63500275120782e-06
SJF,252,18,2085173,8.632377265579402e-06
SJF,253,18,2086063,8.628694339528576e-06
SJF,254,18,2086962,8.624977359434431e-06
SJF,255,18,2087881,8.62118099642652e-06
SJF,256,18,2088733,8.617664392720372e-06
SJF,257,18,2089588,8.614138289461846e-06
SJF,258,12,1525102,7.868326184084737e-06
SJF,259,12,1537408,7.805345100324703e-06
SJF,260,12,1538414,7.800241027447748e-06
SJF,261,12,1537457,7.80509633765367e-06
SJF,262,12,1529039,7.848066661478222e-06
SJF,263,12,1529986,7.84320902282766e-06
SJF,264,12,1531031,7.837855667194199e-06
SJF,265,12,1531944,7.83318450282778e-06
SJF,266,12,1532954,7.82802354147613e-06
SJF,267,12,1534012,7.822624594853235e-06
SJF,268,12,1534990,7.81764050580134e-06
SJF,269,12,1535977,7.812616985801219e-06
SJF,270,12,1537004,7.807396727659784e-06
SJF,271,12,1538001,7.802335629170592e-06
SJF,272,12,1539010,7.79722029096627e-06
SJF,273,12,1549895,7.742459973094952e-06
SJF,274,12,1549663,7.743619096539054e-06
SJF,275,12,1550191,7.740981595171176e-06
SJF,276,12,1542968,7.777218970192512e-06
SJF,277,12,1543910,7.772473784093632e-06
SJF,278,12,1544878,7.76760365543428e-06
SJF,279,12,1545915,7.762393145806852e-06
SJF,280,12,1555117,7.716461205169772e-06
SJF,281,12,1554931,7.717384244059704e-06
SJF,282,12,1555652,7.713807458223304e-06
SJF,283,12,1549828,7.742794684313356e-06
SJF,284,12,1550796,7.737961666137905e-06
SJF,285,12,1551764,7.733134677695835e-06
SJF,286,12,1558769,7.698382505682369e-06
SJF,287,12,1558244,7.700976227086386e-06
SJF,288,12,1554834,7.71786570141893e-06
SJF,289,12,1555764,7.713252138499155e-06
SJF,290,12,1556909,7.707579569518834e-06
SJF,291,12,1557763,7.703354104571747e-06
SJF,292,12,1558730,7.698575122054493e-06
SJF,293,12,1559729,7.693644216399131e-06
SJF,294,12,1560666,7.68902507006624e-06
SJF,295,12,1566550,7.660144904407774e-06
SJF,296,12,1566159,7.662057300695524e-06
SJF,297,12,1566426,7.660751289878998e-06
SJF,298,12,1564536,7.6700056758042e-06
SJF,299,12,1568329,7.651455785106314e-06
SJF,300,12,1566375,7.661000718218818e-06
SJF,301,12,1567441,7.655790552882054e-06
SJF,302,12,1570074,7.642951860867705e-06
SJF,303,12,1587013,7.561374733540305e-06
SJF,304,12,1570213,7.642275283671706e-06
SJF,305,12,1571139,7.637771069268856e-06
SJF,306,12,1588639,7.5536355333087e-06
SJF,307,12,1573054,7.628473021269454e-06
SJF,308,12,1573986,7.6239559945259994e-06
SJF,309,12,1575006,7.619018594214879e-06
SJF,310,12,1592873,7.533557289250305e-06
SJF,311,12,1577017,7.609302880057729e-06
SJF,312,12,1578161,7.6037869393553635e-06
SJF,313,12,1578881,7.600319466761586e-06
SJF,314,12,1597006,7.514060686058787e-06
SJF,315,12,1580824,7.590977869769184e-06
SJF,316,12,1581807,7.58626052356577e-06
SJF,317,12,1599938,7.500290636262155e-06
SJF,318,12,1583655,7.577407958172708e-06
SJF,319,12,1584637,7.5727122363039614e-06
SJF,320,12,1585906,7.566652752432994e-06
SJF,321,12,1603532,7.4834802174200455e-06
SJF,322,12,1587622,7.558474246388624e-06
SJF,323,12,1588529,7.554158595782639e-06
SJF,324,12,1605885,7.472515155194799e-06
SJF,325,12,1590479,7.544896851828914e-06
SJF,326,12,1591446,7.540312395142531e-06
SJF,327,12,1592659,7.5345695469023816e-06
SJF,328,12,1593324,7.531424870271207e-06
SJF,329,12,1611085,7.448396577461773e-06
SJF,330,12,1595262,7.522275337844191e-06
SJF,331,12,1596185,7.5179255537422045e-06
SJF,332,12,1597428,7.512075661626064e-06
SJF,333,12,1598167,7.508602042214612e-06
SJF,334,12,1616116,7.425209576540298e-06
SJF,335,12,1600220,7.498968891777381e-06
SJF,336,12,1601089,7.494898784514789e-06
SJF,337,12,1602162,7.489879300595071e-06
SJF,338,12,1603278,7.4846657909607694e-06
SJF,339,12,1621177,7.402029513125341e-06
SJF,340,12,1605179,7.47580176416462e-06
SJF,341,12,1606027,7.471854458237626e-06
SJF,342,12,1607070,7.467005170901081e-06
SJF,343,12,1608308,7.461257420842276e-06
SJF,344,12,1623128,7.3931322729938735e-06
SJF,345,12,1609977,7.453522627963008e-06
SJF,346,12,1610896,7.4492704681121565e-06
SJF,347,12,1615228,7.429291716092094e-06
SJF,348,12,1612697,7.44095140004601e-06
SJF,349,12,1613500,7.437248218159281e-06
SJF,350,12,1614425,7.432986976787401e-06
SJF,351,12,1615401,7.428496082396878e-06
SJF,352,12,1616330,7.424226488402739e-06
SJF,353,6,845750,7.094295004433934e-06
SJF,354,6,846763,7.085807953347041e-06
SJF,355,6,859184,6.983370267602748e-06
SJF,356,6,848806,7.068753048399752e-06
SJF,357,6,861240,6.966699177929497e-06
SJF,358,6,850763,7.05249287992073e-06
SJF,359,6,862340,6.957812463761393e-06
SJF,360,6,852784,7.035779282913376e-06
SJF,361,6,863810,6.9459719151202236e-06
SJF,362,6,854822,7.01900512621341e-06
SJF,363,6,855860,7.01049237024747e-06
SJF,364,6,866936,6.920926112192826e-06
SJF,365,6,866683,6.922946452163017e-06
SJF,366,6,858775,6.986696166050479e-06
SJF,367,6,859704,6.97914631082326e-06
SJF,368,6,868128,6.911423200265399e-06
SJF,369,6,861772,6.9623984070032444e-06
SJF,370,6,862709,6.9548364512251525e-06
SJF,371,6,867042,6.920079996124755e-06
SJF,372,6,864752,6.938405461912779e-06
SJF,373,6,865760,6.93032711143966e-06
SJF,374,6,866648,6.92322603871468e-06
SJF,375,6,867644,6.9152786165754615e-06
SJF,376,6,868757,6.906419171298764e-06
SJF,377,6,870080,6.895917616770872e-06
SJF,378,6,871800,6.882312456985547e-06
SJF,379,6,871898,6.8815388956047615e-06
SJF,380,6,894875,6.704847045676771e-06
SJF,381,6,894733,6.70591114891258e-06
SJF,382,6,874735,6.859220220981212e-06
SJF,383,6,875583,6.852577082926462e-06
SJF,384,6,897784,6.683121998164369e-06
SJF,385,6,877735,6.835776173902146e-06
SJF,386,6,878672,6.828486625270863e-06
SJF,387,6,879629,6.821057514020115e-06
SJF,388,6,880502,6.814294572868659e-06
SJF,389,6,881495,6.8066183018621774e-06
SJF,390,6,882709,6.797257080192906e-06
SJF,391,6,905240,6.628076532190358e-06
SJF,392,6,906241,6.620755406122654e-06
SJF,393,6,885889,6.772857547616011e-06
SJF,394,6,886702,6.766647644868287e-06
SJF,395,6,887689,6.7591239724723415e-06
SJF,396,6,910015,6.593297912671769e-06
SJF,397,6,889786,6.743194431020492e-06
SJF,398,6,890891,6.7348306358465854e-06
SJF,399,6,912887,6.57255498216099e-06
SJF,400,6,892724,6.7210022358534105e-06
SJF,401,6,893562,6.7146991479046784e-06
SJF,402,6,915928,6.550733245407936e-06
SJF,403,6,895533,6.69992060594082e-06
SJF,404,6,896717,6.691074218510411e-06
SJF,405,6,897659,6.68405263023041e-06
SJF,406,6,898706,6.676265653061179e-06
SJF,407,6,899729,6.668674678708812e-06
SJF,408,6,900732,6.661248850934574e-06
SJF,409,6,901639,6.654547995372871e-06
SJF,410,6,902613,6.647367144058417e-06
SJF,411,6,903682,6.639503719228667e-06
SJF,412,6,926657,6.4748876876773176e-06
SJF,413,6,927624,6.4681379524462496e-06
SJF,414,6,926995,6.472526820533012e-06
SJF,415,6,907950,6.6082934082273256e-06
SJF,416,6,908781,6.602250707266107e-06
SJF,417,6,921502,6.511109037202307e-06
SJF,418,6,910820,6.587470630860104e-06
SJF,419,6,911738,6.580837916155738e-06
SJF,420,6,920168,6.520548421592579e-06
SJF,421,6,913667,6.5669439741174846e-06
SJF,422,6,914717,6.559405805292785e-06
SJF,423,6,915791,6.551713218409004e-06
SJF,424,6,923745,6.495299027328971e-06
SJF,425,6,917710,6.5380130978195724e-06
SJF,426,6,918548,6.532048406833394e-06
SJF,427,6,926728,6.474391623000492e-06
SJF,428,6,920837,6.515811158760997e-06
SJF,429,6,921793,6.509053551068407e-06
SJF,430,6,927549,6.468660954839044e-06
SJF,431,6,925540,6.482701990189511e-06
SJF,432,6,924318,6.491272484145067e-06
SJF,433,6,925368,6.483906942967555e-06
SJF,434,6,926454,6.47630643291518e-06
